bearing_id,time_idx,setting_1,setting_2,setting_3,sensor_1,sensor_2,sensor_3,sensor_4,sensor_5,sensor_6,sensor_7,sensor_8,sensor_9,sensor_10,sensor_11,sensor_12,sensor_13,sensor_14,sensor_15,sensor_16,sensor_17,sensor_18,sensor_19,sensor_20,sensor_21
demo_engine,0,0.0,0.0,1.0,1.008414709848079,1.0090929742682568,1.0014112000805986,0.9924319750469207,0.9904107572533686,0.9972058450180108,1.0065698659871878,1.0098935824662338,1.0041211848524176,0.9945597888911063,0.990000097934493,0.9946342708199957,1.0042016703682664,1.0099060735569487,1.0065028784015713,0.9971209668333494,0.9903860250812044,0.9924901275322833,1.0014987720966295,1.0091294525072763,1.0083665563853605
demo_engine,1,0.00031746031746031746,0.0,1.0,1.0013838829231643,1.000148456101688,0.9914797506292163,0.9833477343393562,0.9832289455062906,0.9912325980353172,1.0000001707019837,1.00147079763029,0.9942923912044945,0.9850647451875567,0.9822717147719789,0.9884811992411238,0.9979842272105643,1.0020437585906556,0.99692747895203,0.9873392721995075,0.9820944914030761,0.9860151638394292,0.995496641351691,1.0018216972411618,0.999175104292552
demo_engine,2,0.0006349206349206349,0.0,1.0,0.9939814814268688,0.9908816159324957,0.9815715731067158,0.9746109633880891,0.9763993392514243,0.9852924761754891,0.9931140650851005,0.992672973207867,0.9843747383815178,0.9758487194361276,0.9749336988703374,0.9824709423725011,0.9915307430265087,0.993783561892477,0.9871581676944412,0.9777459173035047,0.9742003903222779,0.9797813279062653,0.9893576417785611,0.9941249131284109,0.9897001346621608
demo_engine,3,0.0009523809523809524,0.0,1.0,0.9861862122208912,0.9813454899086909,0.9717652717575277,0.9662535661541415,0.969877809811753,0.97930588982561,0.985869672910791,0.9835344471692173,0.9744472083782464,0.9669627219743481,0.9679621902407891,0.9765267066626875,0.9847820943390411,0.9851383879118812,0.9772680127134706,0.9684069554051332,0.9667020312112949,0.97372073957311,0.9830101123911575,0.9860295431366624,0.9800029811070256
demo_engine,4,0.0012698412698412698,0.0,1.0,0.9779924445627503,0.9716038497555273,0.962135389344541,0.9582923221656099,0.9636079464598307,0.9731951017653543,0.9782394017077143,0.9741031401828859,0.964589176961449,0.9584446059533034,0.961318717406197,0.9705690665049836,0.9776909249484093,0.9761364889277214,0.9673348997516914,0.9593782979181532,0.9595819464591124,0.9677586118451846,0.9763907056290393,0.9775419205947407,0.9701538350119226
demo_engine,5,0.0015873015873015873,0.0,1.0,0.9694104345857172,0.961728660398059,0.9527494353643811,0.9507282175708289,0.9575233053354711,0.9668873263046482,0.9702110427836942,0.9644386451698779,0.9548772492085666,0.9503175582519533,0.954951731137456,0.9645191306857268,0.9702235338744091,0.9668203387190315,0.9574384271508097,0.9507034853986648,0.9528075878497436,0.9618162324140899,0.9694469128247366,0.9686840167028209,0.9602289472245563
demo_engine,6,0.0019047619047619048,0.0,1.0,0.9604659164191482,0.9517972109466766,0.9436651946568164,0.9435464058237508,0.9515500583527774,0.9603176310194439,0.96178825794775,0.9546098515219548,0.945382205505017,0.9425891750894392,0.948798659558584,0.9583016875280246,0.962361218908116,0.9572449392694903,0.9476567325169677,0.9424119517205364,0.9463326241568895,0.9558141016691513,0.9621391575586221,0.9594925646100122,0.9503075881748847
demo_engine,7,0.0022222222222222222,0.0,1.0,0.9511990762499559,0.9418890334241761,0.9349284237055493,0.9367167995688845,0.9456099364929493,0.9534315254025607,0.9529904335253272,0.944692198698978,0.9361661797535878,0.9352511591877977,0.9427884026899613,0.9518482033439689,0.9541010222099372,0.9474756280119014,0.9380633776209649,0.9345178506397381,0.9400987882237255,0.9496751020960214,0.9544423734458711,0.950017594979621,0.9404688876132301
demo_engine,8,0.0025396825396825397,0.0,1.0,0.9416629502261512,0.932082732074988,0.9265710264716018,0.9301952701292133,0.9396233501430703,0.9461871332282513,0.9438519074866777,0.9347646686957067,0.9272801822918084,0.9282796505582495,0.9368441669801478,0.9450995546565014,0.9454558482293416,0.937585473030931,0.9287244157225936,0.9270194915287553,0.9340381998905704,0.9433275727086179,0.9463470034541227,0.9403204414244859,0.9307886799568409
demo_engine,9,0.002857142857142857,0.0,1.0,0.9319213100729876,0.9224528496620014,0.9186097824830702,0.9239254067772911,0.9335125620828146,0.9385568620251746,0.9344206005003463,0.9249066372789093,0.9187620662707637,0.9216361777236574,0.930886526822444,0.9380083852658696,0.9364539492451818,0.9276523600691517,0.9196957582356136,0.9198994067765728,0.928076072162645,0.9367081659464996,0.937859380912201,0.930471295329383,0.9213364810109862
demo_engine,10,0.0031746031746031746,0.0,1.0,0.9220461207155194,0.9130668956818414,0.9110456778882893,0.9178407656529315,0.9272047866221086,0.9305285031011545,0.9247561054873382,0.915194709526027,0.9106350185694136,0.9152691914549164,0.9248365910031872,0.9305409941918694,0.9271377990364918,0.9177558874682701,0.9110209457161251,0.913125048167204,0.9221336927315502,0.929764373142197,0.9290014770202812,0.9205464075420167,0.912172716593169
demo_engine,11,0.003492063492063492,0.0,1.0,0.9121146712641369,0.9039826549742768,0.9038638661412112,0.9118675186702377,0.9206350913369042,0.9221057182652104,0.9149273118394151,0.9056996658224773,0.9029066354068995,0.9091161198760443,0.9186191478454849,0.9226786792255763,0.9175623995869506,0.907974192834428,0.9027294120379967,0.9066500844743498,0.9161315619866116,0.9224566178760825,0.9198100249274725,0.910625048492345,0.9033463135464673
demo_engine,12,0.0038095238095238095,0.0,1.0,0.9022064937416364,0.8952458840230096,0.8970342598863449,0.9059273968104097,0.9137489857200211,0.9133078938427875,0.9050096590164384,0.8964836400710482,0.895568619505258,0.9031058630074217,0.9121656636614293,0.9144184825273975,0.9077930883293618,0.8983808379384253,0.8948353109571985,0.9004162485411858,0.9099925624134817,0.9147598337633315,0.9103350552970814,0.9007863479306905,0.8948927491806983
demo_engine,13,0.0041269841269841265,0.0,1.0,0.8924001923924484,0.8868884867890622,0.8905127304466737,0.8999408104605306,0.9065045935457117,0.904169367804138,0.8950821290131671,0.8875976426092688,0.8885971108757098,0.8971616272976082,0.9054170149739618,0.9057733085468019,0.8979029333483913,0.8890418760400539,0.8873369518462156,0.8943556602080307,0.9036450330260782,0.906664463771583,0.9006379017419462,0.8911061402743012,0.8868326369040306
demo_engine,14,0.0044444444444444444,0.0,1.0,0.8827703099794616,0.8789272428005305,0.8842428670947513,0.8938300224002749,0.8988743223426349,0.8947380608178065,0.8852240975963696,0.879079526588224,0.8819536380411176,0.8912039871399042,0.8983258455833298,0.896771409562642,0.887969820386612,0.8800132185530738,0.880216867094033,0.8883935324801052,0.8970256262639599,0.8981768412296612,0.8907887556468432,0.8816539413284464,0.8791709044314502
demo_engine,15,0.004761904761904762,0.0,1.0,0.8733843559993016,0.8713631382057495,0.8781582259703917,0.8875222469395688,0.8908459634186148,0.8850735658047985,0.8755121698434872,0.8709524788868739,0.8755866517723766,0.8851540513206474,0.8908584545093297,0.8874552593539521,0.8780733477857303,0.8713384060335854,0.8734425084846642,0.8824511530490105,0.8900818334596572,0.8893189373377415,0.8808638678594769,0.8724901769106292,0.8718965973323147
demo_engine,16,0.005079365079365079,0.0,1.0,0.8643001152917371,0.8641813264586715,0.8721849789876981,0.8809525516543646,0.8824231785826707,0.8752447721568755,0.8660171261399376,0.8632240957243599,0.8694335801935047,0.8789366081629453,0.8829961395430367,0.877879859904411,0.8682916531518884,0.8630468723554571,0.8669675447918102,0.876449022304072,0.8827740781935428,0.8801274852449329,0.8709425088098054,0.8636637738639277,0.8649833157489335
demo_engine,17,0.005396825396825396,0.0,1.0,0.85556334434047,0.8573517202038052,0.86624485712787,0.8740664460374814,0.8736253541602479,0.8653271193338987,0.8568011003885085,0.8558860798227184,0.863423323324882,0.8724831239788896,0.8747359428448579,0.8681105486468221,0.8586982982558856,0.8551527712746588,0.8607337088586462,0.870310022730942,0.8750772940807918,0.8706525156145417,0.8611038082481508,0.8552102094981586,0.8583902668755848
demo_engine,18,0.005714285714285714,0.0,1.0,0.8472059471065225,0.850830190764134,0.860258270777991,0.866822053863172,0.8644868281215984,0.8553995893306274,0.8479151029267291,0.8489145711931702,0.8574790876150685,0.8657344752914221,0.8660907688642623,0.8582203936658517,0.8493593363575143,0.847654412163676,0.854673120525491,0.8639624933435386,0.8669819240890434,0.8609553620594066,0.8514236005917616,0.8471500972214909,0.852063891238951
demo_engine,19,0.006031746031746032,0.0,1.0,0.8392447031179908,0.8445603274122117,0.8541474827177352,0.8591917826600952,0.8550555211352668,0.8455415579138299,0.8393969869056843,0.8422710983585779,0.8515214474573646,0.8586433059007902,0.8570888698801024,0.8482872807040723,0.8403306788705341,0.8405343274114934,0.8487109927975656,0.8573430865814202,0.8584943015471216,0.8511062159643036,0.8419714016459068,0.8394883647489105,0.845939997945302
demo_engine,20,0.006349206349206349,0.0,1.0,0.8316805985232099,0.8384756862878521,0.8478397072570292,0.8511634237360751,0.8453910261222588,0.8358296301609476,0.8312699392043342,0.835904112089837,0.8454715116381077,0.85117591482679,0.8477727196714124,0.8383908081031907,0.8316558663510457,0.8337599688021246,0.8427686133664708,0.8503992937771175,0.8496363976552018,0.8411813281769372,0.8328076372280896,0.8322140576497751,0.8399463237688636
demo_engine,21,0.006666666666666666,0.0,1.0,0.8244987867761319,0.8325024393051584,0.8412700119718249,0.8427406389001311,0.8355622324743358,0.826334586457398,0.8235415560418202,0.829751040510965,0.8392540684804056,0.843313599860497,0.8381973202218713,0.8286091134693487,0.8233643326729174,0.8272850051092705,0.8367664826215323,0.8430915385110032,0.8404449455623932,0.8312599691272657,0.823981234181388,0.8253007760663938,0.8340054140585881
demo_engine,22,0.006984126984126984,0.0,1.0,0.8176691805212655,0.8265623174453303,0.8343839063549416,0.8339428144777081,0.825644579651359,0.8171185607059688,0.8162035401401786,0.8237407836423423,0.8328005842963498,0.8350534031623181,0.8284280089642824,0.8190157585733459,0.8154702315921191,0.8210511691761064,0.8306274830484023,0.8353947543982521,0.830969975932002,0.821421268565611,0.8155276698156189,0.8187077271930451,0.82803771061067
demo_engine,23,0.007301587301587302,0.0,1.0,0.8111476510815943,0.8205757310954512,0.8271395141806323,0.8248042884390586,0.8157170496480877,0.8082325632441894,0.8092320315106304,0.8177965479325288,0.8260519356088823,0.8264082291817225,0.8185378539833119,0.8096767966749745,0.8079718724811362,0.8149905808429513,0.8242799536609988,0.8272993844065036,0.8212728223768668,0.8117410609092218,0.8074675575389512,0.8123813515564112,0.8219647234030714
demo_engine,24,0.007619047619047619,0.0,1.0,0.804877787729672,0.8144649430351956,0.8195092429775556,0.8153729814527272,0.8058590182312902,0.7997144472231447,0.8025885586760383,0.8118389077748249,0.8189607662182505,0.8174063301975627,0.8086047410215327,0.8006481391879945,0.8008517877289537,0.8090284531150259,0.8176605468988806,0.8188117618645819,0.8114236762817639,0.8022888619633671,0.7998058250663709,0.8062574582627623,0.8157121597450099
demo_engine,25,0.007936507936507936,0.0,1.0,0.7987931466053124,0.8081571675744895,0.8114808840535355,0.8057084864397192,0.7961470904784079,0.7915873995217946,0.7962215724072973,0.8057889719555681,0.8114933751442504,0.8080901799888728,0.798708268420651,0.7919733266685061,0.7940774291195849,0.8030860736839311,0.8107167540945779,0.8099538579726622,0.8014987884943976,0.7931250975455499,0.7925315179672354,0.8002637840863239,0.8092128860920976
demo_engine,26,0.008253968253968253,0.0,1.0,0.7928198996226188,0.8015874722892853,0.8030580992175914,0.7958796927917962,0.7866520467748583,0.7838590163592806,0.7900685008284254,0.799571528797866,0.8036310601779574,0.7985147805393317,0.7889265737868091,0.7836817929903778,0.7876024654267308,0.7970839429389927,0.8034089988284635,0.8007624058798536,0.7915774294447261,0.7842986944988484,0.7856182363838542,0.7943228743760484,0.8024096044489026
demo_engine,27,0.008571428571428572,0.0,1.0,0.7868797777627906,0.794701366672402,0.7942602747951685,0.7859620399688193,0.7774360210234291,0.7765210004576389,0.7840582439598026,0.7931180446138102,0.7953708634797785,0.7887454692817427,0.7793332188908062,0.7757876919095794,0.7813686294935668,0.7909449433658626,0.7957122147157124,0.7912874362494623,0.7817387288830714,0.7758451301330792,0.7790251875105054,0.7883551709281303,0.7952571366592127
demo_engine,28,0.008888888888888889,0.0,1.0,0.7808931914129116,0.7874569744980926,0.785121748756519,0.776034509965548,0.7685500235616497,0.7695494918280907,0.7781140082499891,0.7863693959263427,0.7867256894991829,0.7788553143007723,0.7699942569924348,0.7682893327985966,0.7753080411604116,0.7845974139784592,0.787616844723964,0.7815902826943272,0.7720585212266822,0.7677850178564115,0.7726988118738716,0.7822821837205317,0.7877242255165562
demo_engine,29,0.009206349206349206,0.0,1.0,0.7747824033526559,0.7798267032950159,0.7756904417701875,0.7661764785487506,0.760031907540605,0.7629060189934986,0.7721563680922853,0.7792782265357109,0.777723790515023,0.768922201338993,0.7609655995054548,0.7611692480464141,0.7693459134324863,0.7779780072163409,0.7791292221820423,0.7717411365992243,0.7626063222808275,0.7601232853838312,0.7665749185802226,0.7760296200624702,0.7797947808903855
demo_engine,30,0.009523809523809525,0.0,1.0,0.7684746278919498,0.7717983443709957,0.7660259467571794,0.7564645507958682,0.7519048598392548,0.7565390327247575,0.7661064322730283,0.7718108354617106,0.768407640306333,0.7590257287381112,0.7522907869859663,0.7543948894370451,0.7634035340013914,0.7710342144120381,0.7702713182901224,0.7618162488118578,0.7534425578630102,0.7528489782846957,0.7605812444037842,0.7695303464095579,0.7714685211888069
demo_engine,31,0.009841269841269842,0.0,1.0,0.7619049326067455,0.7633755595350517,0.7561971531092564,0.7469695070923186,0.7441764766767408,0.7503859611458856,0.7598889891153262,0.7639485204954176,0.7588322408567919,0.7492440341042693,0.743999253307838,0.7479199257441911,0.7574014032564529,0.7637264591459237,0.7610798661973138,0.7518948897621863,0.7446161548163086,0.7459356967013144,0.7546403346935087,0.7627270647663629,0.7627609845847612
demo_engine,32,0.010158730158730159,0.0,1.0,0.7550188269898623,0.7545777351126288,0.7462795002862797,0.7377534813408895,0.7368384607750993,0.744375704277263,0.7534355049312705,0.7556883237972388,0.7490629295992031,0.7396506792082665,0.7361051522270398,0.7416860898110271,0.751262403683323,0.7560296750331728,0.7516048965669226,0.7420561892005317,0.7361625904505396,0.7393426478279658,0.7486726312455907,0.7555745969766731,0.7537029095581014
demo_engine,33,0.010476190476190476,0.0,1.0,0.747774434815553,0.7454392090739793,0.7363519702830084,0.72886748387911,0.7298669521455511,0.7384314685674495,0.746686856243803,0.7470431498166432,0.7391727746182326,0.7303117173098952,0.7286067931160569,0.735625501477872,0.7449148742959195,0.7479343050414243,0.7419077430117875,0.7323759815441425,0.7281024781738719,0.7330162721913319,0.7425996440379921,0.7480416858340165,0.744339009449402
demo_engine,34,0.010793650793650793,0.0,1.0,0.7401441636124763,0.7360079020876479,0.7264939388662109,0.7203493678580654,0.723223479310959,0.7324738284097456,0.7395956868531712,0.7380412508324834,0.7292396616564534,0.7212830598229152,0.7214867083638744,0.7296633737499466,0.7382954675338013,0.7394466824995026,0.7320585969166846,0.7229237825982878,0.7204407457012916,0.726892378897683,0.7363470803799306,0.7401122412078458,0.7347261898801721
demo_engine,35,0.011111111111111112,0.0,1.0,0.732115804688456,0.7263434070746397,0.7167820111133285,0.7122223201567152,0.7168564930422179,0.7264238925904887,0.7321282957791709,0.7287251006237934,0.7193431890555716,0.7126082473034266,0.7147123497545055,0.7237209943188517,0.7313516747294985,0.7305887786075828,0.7221337091293182,0.7137600181804705,0.713166438602156,0.7208987047212445,0.7298478067270182,0.7317859815062673,0.724931280105301
demo_engine,36,0.011428571428571429,0.0,1.0,0.723693019852512,0.7165146134267167,0.7072869674097789,0.7044939369942012,0.710703421463346,0.7202064494327866,0.724265980812878,0.7191497011742523,0.7095614944217297,0.7043167136252984,0.7082373860616514,0.7177188635739132,0.7240439194633841,0.7213973265147742,0.7122123500796467,0.704933615133769,0.7062531570187748,0.714957795010969,0.7230445250838232,0.7230784449022215,0.715028368741558
demo_engine,37,0.011746031746031746,0.0,1.0,0.7148951954300892,0.70659696060374,0.6980709416583498,0.6971559210925596,0.7046931645947233,0.7137529652487309,0.7160057841146992,0.7093803899166634,0.6999681395257269,0.6964226125445001,0.7020035501284875,0.7115798640007833,0.7163471353506331,0.711922356884383,0.7023736495179921,0.6964800507679999,0.6996601081454261,0.708990091563051,0.7158920572941334,0.7140203698755617,0.705095850088242
demo_engine,38,0.012063492063492064,0.0,1.0,0.7057566693914396,0.6966694306004686,0.6891849441965703,0.6901844124630113,0.6987489288849097,0.7070043165612633,0.7073606101341035,0.6994902349356928,0.6906291776273554,0.6889242534335172,0.6959429617953322,0.7052323346133798,0.7082517653588846,0.7022252033292478,0.6926934418616028,0.6884199384913321,0.6933337325087922,0.7029171043554523,0.7083591461514768,0.7046564697668622,0.6952132987938564
demo_engine,39,0.012380952380952381,0.0,1.0,0.6963253624051081,0.6868113991836712,0.6806668281755256,0.6835409396284192,0.6927912887272059,0.6999131471706315,0.6983587111499436,0.6895571219739136,0.6816005201403754,0.6818041686813346,0.6899808340674068,0.6986129278512615,0.6997641428169629,0.6923760572341449,0.6832412429157481,0.6807582060187518,0.6872098392151432,0.6966645406973908,0.700429701525306,0.6950436501976324,0.6854582974659847
demo_engine,40,0.012698412698412698,0.0,1.0,0.6866608673921001,0.6770994714307889,0.6725397804741755,0.6771739533596782,0.686741352907949,0.6924457560966313,0.6890425609412537,0.6796606493730319,0.672925707620887,0.6750298100719658,0.6840384546363121,0.6916691350469588,0.6909062389250431,0.6824511694467785,0.6740774784979309,0.6734838989196164,0.6812161650387049,0.6901652670444786,0.6921034418237276,0.6852487404227613,0.6759033436975529
demo_engine,41,0.013015873015873015,0.0,1.0,0.6768320737441771,0.6676044277272393,0.6648113973116615,0.6710208817808063,0.6805239097502469,0.6845834411303383,0.6794671614917126,0.66987895473919,0.6646341739427587,0.6685548463791118,0.6780363238913736,0.6843613797808444,0.6817147868322345,0.672529810397107,0.6652510754512293,0.6665706173362351,0.6752752553284294,0.6833619854012836,0.6833959052196819,0.6753458290590183,0.6666129598165785
demo_engine,42,0.013333333333333332,0.0,1.0,0.6669144209212003,0.6583884019758102,0.65747338141002,0.6650106249121837,0.6740704255661912,0.6763232444321595,0.6696978502341238,0.6602855998431872,0.6567400728619605,0.6623210104459478,0.6718973243182437,0.6766645956680934,0.6722398172018433,0.6626911098354524,0.6567975110854603,0.6599775684628865,0.6693075518805114,0.6762095176115938,0.6743378301930221,0.6654133104057024,0.6576411205845649
demo_engine,43,0.013650793650793651,0.0,1.0,0.656986890917929,0.6495024045140306,0.6505018727804717,0.65906638920237,0.6673217768787236,0.6676780704515638,0.6598076952531532,0.6509466379448158,0.6492417137509775,0.6562604221127926,0.6655497949308401,0.6685692256763449,0.6625426636467081,0.6530109021790631,0.6487373988087924,0.6536511928262525,0.6632345646729126,0.6686766064689371,0.6649739300843226,0.6555307591113168,0.6490291013930869
demo_engine,44,0.013968253968253968,0.0,1.0,0.6471288595011315,0.6409842884929859,0.6438583999458796,0.6531087490446662,0.6602306074880918,0.658676171467404,0.649874582291374,0.6419179804578358,0.642121628998795,0.6502982943848672,0.6589303881687218,0.6600816031344232,0.6526935175516052,0.6435587032332084,0.6410756663362122,0.6475272995326036,0.6569820010148512,0.6607471618427664,0.6553611105150927,0.6457757577834451,0.6408038327441813
demo_engine,45,0.014285714285714285,0.0,1.0,0.6374169317482492,0.6328572407916359,0.6374914136771386,0.6470588132254094,0.6527632164140916,0.6493600212587141,0.6399781096904923,0.6332431679383473,0.6353472703894262,0.6443559149537724,0.6519865953644192,0.6512236992425035,0.6427686297642389,0.6343949388153912,0.6338013592370767,0.6415336253561652,0.6504827273619389,0.652420902141188,0.6455662007402216,0.6362208040150132,0.6329768266162142
demo_engine,46,0.014603174603174604,0.0,1.0,0.6279218880446995,0.6251288576291217,0.6313383420982666,0.6408413700677071,0.6449009014477985,0.6397846218091728,0.6301964150566502,0.6249516342602189,0.628872306696572,0.6383537842088338,0.6446788400983047,0.6420322471496948,0.6328472707145673,0.6255685357686895,0.6268880776536954,0.6355927156458896,0.6436794457187438,0.6437133655371421,0.6356632893764785,0.6269304201340388,0.625543717517632
demo_engine,47,0.014920634920634921,0.0,1.0,0.6187058622932704,0.6177908417274802,0.6253280852296439,0.6343878858836515,0.6366407047496198,0.630015310551584,0.6206030601606475,0.6170575331794207,0.6226384707634081,0.6322147846357039,0.6369820559855537,0.6325572775193036,0.6230085701529127,0.6171149714029205,0.6202950287803467,0.6296250121979716,0.636526977929054,0.6346552905104823,0.6257307707231626,0.6179585809020252,0.6184844365253337
demo_engine,48,0.015238095238095238,0.0,1.0,0.609819864831491,0.610819333097932,0.6193838495198304,0.627639237196184,0.6279955307690241,0.6201251555706135,0.6112640982622761,0.6095591740684378,0.6165778824302529,0.6258672552483004,0.6288866859938053,0.6228601239641685,0.6133283624965234,0.6090548591262528,0.6139686531437129,0.623552024990373,0.6289940667863975,0.6252913904017829,0.6158482194287771,0.6093465617105472,0.6117640113693031
demo_engine,49,0.015555555555555555,0.0,1.0,0.6013017488104463,0.6041758602633399,0.6134262093621266,0.6205480678055522,0.6189936317848643,0.6101920426088343,0.6022354407752961,0.6024390893162553,0.6106157547023275,0.6192478484861822,0.6203990634518836,0.6130109778690656,0.6038761635506688,0.6013931266536725,0.6078447598500639,0.6172994613323115,0.6210646221602267,0.6156785708325531,0.6060932181009054,0.6011212930616416,0.6053339606666538
demo_engine,50,0.015873015873015872,0.0,1.0,0.5931747011090962,0.5978088739945989,0.6073762735428697,0.613080676731552,0.6096774815761744,0.6002955700079526,0.5935606282558077,0.5956647307068865,0.6046733752712328,0.6123040556818795,0.6115411595599638,0.6030860900816992,0.5947123991328516,0.594118819554537,0.6018510856736256,0.6108001876793993,0.6127383624586483,0.605883661057682,0.5965382643324736,0.5932942869336746,0.5991342267213726
demo_engine,51,0.01619047619047619,0.0,1.0,0.5854463179465821,0.5916558024157269,0.6011588303851675,0.6052183617652589,0.6001020821266332,0.5905138753741106,0.5852690945776793,0.5891897670140324,0.5986712445262942,0.604996300415765,0.6023497074671551,0.5931647310320276,0.5858859960861499,0.5872055379711557,0.5959101759633499,0.6039969060362042,0.6040308258546024,0.5959807496939389,0.5872478804514991,0.5858611778350924,0.5930955698351363
demo_engine,52,0.016507936507936506,0.0,1.0,0.5781083020449406,0.5856455455471042,0.5947053462011118,0.5969581650670801,0.5903327708690443,0.5809205204781078,0.577374993496881,0.5829559310808684,0.5925322449531643,0.597299516303014,0.5928747378367639,0.583326030470373,0.5774324317203808,0.580612489097807,0.589942472515432,0.5968444382465143,0.5949727508279427,0.586048231040623,0.5782760412194855,0.578801896842794,0.5871423286755864
demo_engine,53,0.016825396825396827,0.0,1.0,0.5711367934153924,0.5797013098372907,0.5879566975136443,0.5883129910864845,0.5804426158880739,0.5715815585797365,0.5698766343858982,0.5768953427477133,0.5861847155657608,0.5892041463112656,0.5831775842816288,0.5736458228139838,0.5693723194437131,0.5742861134611732,0.5838694853078333,0.5893115271038578,0.5856088507192433,0.5761656797462374,0.5696640220280076,0.5720814716867635,0.5811954366548853
demo_engine,54,0.017142857142857144,0.0,1.0,0.5644933205808002,0.5737436696795868,0.5808655281230124,0.5793110921023246,0.5705095029262945,0.5625529010927564,0.5627565496337156,0.5709332150197878,0.5795653088036424,0.5807165237693438,0.5733284381865258,0.564193623868129,0.5617105869711327,0.5681622201675242,0.5776169216497717,0.581382082477687,0.5759960311500133,0.5664106784183657,0.5614387533791019,0.565651420984114,0.575175574065066
demo_engine,55,0.01746031746031746,0.0,1.0,0.5581263343120592,0.56769373386033,0.5733981370490122,0.5699949418936346,0.5606130303254129,0.5538780885732679,0.5559821910243468,0.564990835588693,0.5726215159993397,0.571858619877424,0.5634035503991595,0.5550298594503118,0.5544362798719973,0.5621685459910858,0.5711176479968595,0.5730558227761086,0.5662011213751422,0.5568557246499338,0.5536117472511348,0.5594516870388329,0.5690063303044804
demo_engine,56,0.017777777777777778,0.0,1.0,0.5519732627331873,0.5614762907026278,0.5655358220827192,0.5604195424440935,0.550831335691571,0.5455865548951396,0.5495072273314927,0.5589887048437545,0.5653137607332254,0.5626671677846155,0.553482191349488,0.5462034564036102,0.5475229982886161,0.5562276362808103,0.5643143663536645,0.5643482861720628,0.5562982100113992,0.5475653407689595,0.5461786381525527,0.5534130301525967,0.562617250127359
demo_engine,57,0.018095238095238095,0.0,1.0,0.5459630058645646,0.5550228065185722,0.5572756253845405,0.5506502311865047,0.5412379807955682,0.5376924538143414,0.5432733913983288,0.5528497052706246,0.5576169766204744,0.5531921981542243,0.5436434907878334,0.5377498920378412,0.5409299494152674,0.5502599328328923,0.5571618985639747,0.555290211145403,0.5463656913580833,0.5385935015369459,0.5391193571602544,0.5474597889930467,0.5559466424721254
demo_engine,58,0.018412698412698412,0.0,1.0,0.5400187701547511,0.5482741578311047,0.5486304514039448,0.5407600762055342,0.5318990188971968,0.5301940947033585,0.5372128030651736,0.5465021758832211,0.549521606628726,0.5434950445990891,0.5339632831314441,0.5296897797611735,0.5346035737786335,0.5441869456252937,0.5496289874213182,0.5459263110367036,0.5364831400636978,0.5299814823454679,0.5323989320042238,0.5415128969723456,0.548944039889345
demo_engine,59,0.01873015873015873,0.0,1.0,0.5340611299970471,0.5411829884404727,0.5396285524197849,0.5308269632437549,0.5228703614102167,0.5230740099511759,0.5312506753372481,0.5398827691211028,0.5410339840868041,0.5336458985039861,0.5245110841855893,0.5220280472885931,0.5284796804849845,0.5379343819672321,0.5416995427951473,0.5363134914674736,0.526728138735826,0.5217562136965622,0.5259688813015744,0.5354930343825264,0.5415722105196732
demo_engine,60,0.01904761904761905,0.0,1.0,0.5280111941777903,0.5337155973664726,0.530312402211095,0.5209304906428732,0.5141955488907283,0.5162996513418071,0.5253082959061534,0.5329389763168001,0.5321760801948844,0.5237210107166198,0.5153473197677721,0.5147537401894576,0.5224860063085461,0.5314351083143198,0.5333732830935689,0.5265185816926026,0.5171731849673942,0.5139292075685952,0.5197691473562932,0.5293237906219408,0.5338086424105966
demo_engine,61,0.019365079365079366,0.0,1.0,0.5217937510200882,0.5258532824001796,0.5207370027615539,0.5111487960090313,0.5059040152126,0.5098246876489531,0.5193061651612149,0.5256312210506857,0.5229846281020758,0.5137996516669483,0.5065209167210706,0.5078404586060764,0.5165450965982706,0.5246318266711248,0.5246657464895231,0.5166156703288596,0.5078828010864198,0.5064960984700131,0.513730490470057,0.5229347104448193,0.5256464409969385
demo_engine,62,0.019682539682539683,0.0,1.0,0.5153402668360324,0.5175930857020007,0.5109676915039649,0.5015554411130284,0.49800991413180157,0.503590851715789,0.5131671655880848,0.5179344369379346,0.5135096584716845,0.5039609511052936,0.4980673523553014,0.5012474097327276,0.5105773931503526,0.5174793588814349,0.5156076714628632,0.5066831516755436,0.49891096185440603,0.4994368174777146,0.5077772493105069,0.5162641027895857,0.5170946039654161
demo_engine,63,0.02,0.0,1.0,0.5085916181485649,0.5089479117214051,0.5010775365229945,0.492216479214657,0.4905115550208188,0.4975302633826338,0.5068196362006814,0.5098390669461862,0.5038125049165494,0.4942807434489044,0.4900072400786337,0.4949210340960938,0.5045044059427539,0.5099464477387784,0.5062437713541639,0.49680060038115803,0.49029894266292817,0.49271639232168407,0.5018303572898059,0.5092615002068053,0.5081776625452644
