bearing_id,time_idx,speed,load,h_rms,v_rms
demo,0,1800.0,4000.0,0.2,0.18
demo,1,1800.0,4000.0,0.21269841269841272,0.19142857142857142
demo,2,1800.0,4000.0,0.2253968253968254,0.20285714285714285
demo,3,1800.0,4000.0,0.2380952380952381,0.21428571428571427
demo,4,1800.0,4000.0,0.2507936507936508,0.2257142857142857
demo,5,1800.0,4000.0,0.2634920634920635,0.23714285714285713
demo,6,1800.0,4000.0,0.2761904761904762,0.24857142857142855
demo,7,1800.0,4000.0,0.2888888888888889,0.26
demo,8,1800.0,4000.0,0.3015873015873016,0.2714285714285714
demo,9,1800.0,4000.0,0.3142857142857143,0.28285714285714286
demo,10,1800.0,4000.0,0.326984126984127,0.29428571428571426
demo,11,1800.0,4000.0,0.3396825396825397,0.3057142857142857
demo,12,1800.0,4000.0,0.3523809523809524,0.31714285714285717
demo,13,1800.0,4000.0,0.3650793650793651,0.32857142857142857
demo,14,1800.0,4000.0,0.37777777777777777,0.33999999999999997
demo,15,1800.0,4000.0,0.3904761904761905,0.3514285714285714
demo,16,1800.0,4000.0,0.4031746031746032,0.3628571428571429
demo,17,1800.0,4000.0,0.4158730158730159,0.3742857142857143
demo,18,1800.0,4000.0,0.4285714285714286,0.3857142857142857
demo,19,1800.0,4000.0,0.44126984126984126,0.39714285714285713
demo,20,1800.0,4000.0,0.45396825396825397,0.4085714285714286
demo,21,1800.0,4000.0,0.4666666666666667,0.42
demo,22,1800.0,4000.0,0.4793650793650794,0.43142857142857144
demo,23,1800.0,4000.0,0.4920634920634921,0.44285714285714284
demo,24,1800.0,4000.0,0.5047619047619047,0.4542857142857143
demo,25,1800.0,4000.0,0.5174603174603174,0.4657142857142857
demo,26,1800.0,4000.0,0.5301587301587302,0.47714285714285715
demo,27,1800.0,4000.0,0.5428571428571429,0.48857142857142855
demo,28,1800.0,4000.0,0.5555555555555556,0.5
demo,29,1800.0,4000.0,0.5682539682539682,0.5114285714285713
demo,30,1800.0,4000.0,0.5809523809523809,0.5228571428571429
demo,31,1800.0,4000.0,0.5936507936507937,0.5342857142857143
demo,32,1800.0,4000.0,0.6063492063492064,0.5457142857142857
demo,33,1800.0,4000.0,0.6190476190476191,0.5571428571428572
demo,34,1800.0,4000.0,0.6317460317460317,0.5685714285714285
demo,35,1800.0,4000.0,0.6444444444444444,0.5800000000000001
demo,36,1800.0,4000.0,0.6571428571428571,0.5914285714285714
demo,37,1800.0,4000.0,0.6698412698412699,0.6028571428571429
demo,38,1800.0,4000.0,0.6825396825396826,0.6142857142857143
demo,39,1800.0,4000.0,0.6952380952380952,0.6257142857142857
demo,40,1800.0,4000.0,0.7079365079365079,0.6371428571428571
demo,41,1800.0,4000.0,0.7206349206349207,0.6485714285714286
demo,42,1800.0,4000.0,0.7333333333333334,0.6599999999999999
demo,43,1800.0,4000.0,0.746031746031746,0.6714285714285715
demo,44,1800.0,4000.0,0.7587301587301587,0.6828571428571428
demo,45,1800.0,4000.0,0.7714285714285714,0.6942857142857142
demo,46,1800.0,4000.0,0.7841269841269842,0.7057142857142857
demo,47,1800.0,4000.0,0.7968253968253969,0.7171428571428571
demo,48,1800.0,4000.0,0.8095238095238095,0.7285714285714286
demo,49,1800.0,4000.0,0.8222222222222222,0.74
demo,50,1800.0,4000.0,0.8349206349206348,0.7514285714285713
demo,51,1800.0,4000.0,0.8476190476190477,0.7628571428571429
demo,52,1800.0,4000.0,0.8603174603174604,0.7742857142857142
demo,53,1800.0,4000.0,0.873015873015873,0.7857142857142858
demo,54,1800.0,4000.0,0.8857142857142857,0.7971428571428572
demo,55,1800.0,4000.0,0.8984126984126983,0.8085714285714285
demo,56,1800.0,4000.0,0.9111111111111112,0.8200000000000001
demo,57,1800.0,4000.0,0.9238095238095239,0.8314285714285714
demo,58,1800.0,4000.0,0.9365079365079365,0.8428571428571427
demo,59,1800.0,4000.0,0.9492063492063492,0.8542857142857143
demo,60,1800.0,4000.0,0.9619047619047618,0.8657142857142857
demo,61,1800.0,4000.0,0.9746031746031747,0.8771428571428572
demo,62,1800.0,4000.0,0.9873015873015873,0.8885714285714286
demo,63,1800.0,4000.0,1.0,0.9
