bearing_id,time_idx,speed,load,fft_band_00,fft_band_01,fft_band_02,fft_band_03,fft_band_04,fft_band_05,fft_band_06,fft_band_07,fft_band_08,fft_band_09,fft_band_10,fft_band_11,fft_band_12,fft_band_13,fft_band_14,fft_band_15,fft_band_16,fft_band_17,fft_band_18,fft_band_19,setDynLoad / N,peak_dynLoad / N,setStatLoad / N,meanAbs_statLoad / N,setSpeed / rpm,meanAbs_speed / rpm,temp_1,temp_2,temp_3
B17,2573,2700.0,1500.0,698.725,285.16092,658.66223,499.4214,206.46689,54.6635,62.6302,61.079346,39.883476,47.540092,67.20637,38.238182,82.46826,66.7132,52.682964,49.261395,60.424786,109.02971,176.80736,58.431496,1500.0,1040.4939085,1601.11387302574,4294.87771064053,2700.0,2702.12904253831,80.0502039886705,80.5084077761552,22.4595773149418
B17,2574,2700.0,1500.0,762.44855,371.2377,789.0554,515.6405,173.58987,46.272995,63.78595,59.726215,35.380547,47.613914,66.03918,37.15819,82.241745,69.87047,51.042286,50.95173,57.41842,114.359535,174.60187,60.67148,1500.0,1449.205011,2428.79263869517,4295.75973311964,2700.0,2701.32842059895,80.0347569917687,80.4915553068709,22.4466163352499
B17,2575,2700.0,1500.0,623.75977,302.63223,769.2246,431.50766,185.03238,53.349342,63.721943,63.396843,36.8836,44.944267,64.75594,37.294147,75.73862,64.4097,48.21485,51.304863,58.66761,105.78654,158.96463,57.718678,1500.0,1116.865041,1725.64768364494,4295.45500003136,2700.0,2701.02603978065,80.0423244509591,80.4877323048361,22.4980770311412
B17,2576,2700.0,1500.0,821.57043,322.03003,712.1176,385.5788,170.95714,46.84159,61.449165,57.138477,33.750156,46.469856,69.18485,36.56053,79.147224,66.82188,50.09426,46.761833,57.94804,107.71963,168.51445,56.50775,1500.0,1239.058853,1980.45728649298,4295.21272776244,2700.0,2701.61934759838,80.0109625165877,80.4708019215669,22.6371246220611
B17,2577,2700.0,1500.0,892.2873,349.30756,739.0332,405.88968,163.33035,47.63747,60.675915,60.894787,36.221848,46.366417,67.32286,39.977123,85.264206,65.81706,50.418987,50.368744,61.793144,119.83903,166.63913,56.63615,1500.0,1197.18027375,2124.0620102151,4295.42660874984,2700.0,2701.13370567807,79.9937993949212,80.4331184750768,22.581750278448
B17,2578,2700.0,1500.0,668.3626,288.3876,664.80994,413.1375,169.60701,51.10489,62.561718,58.67388,35.48534,45.882023,64.63642,37.23926,72.15205,58.673737,45.422817,45.719383,49.241474,102.333176,163.14313,54.33313,1500.0,1139.77638075,2005.51417910134,4295.26572482127,2700.0,2701.78657335395,79.9911469207269,80.42835931252,22.4825850530582
B17,2579,2700.0,1500.0,795.13635,289.99542,702.29816,543.7642,249.2026,52.27052,67.24824,74.98024,37.096703,47.8747,72.991905,37.269726,82.10398,70.63157,52.233074,54.527527,60.01837,123.07548,165.3424,59.61875,1500.0,941.21143625,2038.09222146664,4295.03670181702,2700.0,2701.56093312211,79.9858419779936,80.4251605355111,22.5619630394256
B17,2580,2700.0,1500.0,751.10266,255.49382,720.8882,547.20544,206.39685,47.247074,66.68973,61.16349,35.22051,44.84854,64.80992,37.48223,79.56461,72.213135,48.584816,49.09265,58.865547,116.427574,176.3508,59.515583,1500.0,1204.817387,2133.80938090562,4295.38118269943,2700.0,2701.52199013794,79.9665726258989,80.3999605207753,22.4527516971869
B17,2581,2700.0,1500.0,724.1512,330.15408,770.803,475.6682,171.37402,49.1411,63.902214,59.590405,34.506428,46.050972,70.65359,38.224,82.35413,64.902245,50.21319,47.977764,59.72663,117.27734,160.16563,57.953167,1500.0,1181.90604725,2054.37875636488,4295.80515917007,2700.0,2701.46586642545,79.9558848150102,80.3776473542703,22.4294373825741
B17,2582,2700.0,1500.0,731.10345,289.8845,718.4779,481.66864,235.64914,58.803596,64.08263,69.075935,36.25007,46.56605,67.85285,41.602104,80.883316,73.33079,55.163647,50.56679,57.15708,118.45882,178.96823,61.16493,1500.0,1265.914293,1714.79801025282,4294.71304120773,2700.0,2701.59529457874,79.9320909079115,80.3934850038878,22.3699252692493
B17,2583,2700.0,1500.0,778.8734,310.82828,732.35754,530.4524,192.76067,48.18209,61.60016,58.242523,37.028633,45.22702,71.73638,40.352814,82.13006,63.680298,49.20289,49.197044,56.91205,118.061935,158.5556,58.67855,1500.0,1086.316588,2403.49506028547,4294.54837177494,2700.0,2701.30093143365,79.9398141583432,80.3867754474879,22.3342645040508
B17,2584,2700.0,1500.0,614.7511,370.68842,789.43896,447.67773,168.07817,48.503826,63.558228,56.746387,35.971252,46.873848,72.155685,40.346992,85.07433,70.33968,53.206257,51.212883,56.55612,120.43848,171.29736,61.928078,1500.0,1304.09985925,1832.80938234568,4294.97234824556,2700.0,2701.9194376529,79.9342752594063,80.3469864982864,22.3686983033795
B17,2585,2700.0,1500.0,721.2339,346.14545,761.1782,475.6564,221.49377,54.007935,64.84151,69.643616,34.663067,44.7821,65.696236,37.919506,79.857124,62.45046,47.786583,45.06709,58.693554,106.967575,158.50102,56.781475,1500.0,1155.05060725,2359.83224073773,4295.30925811957,2700.0,2701.28145994156,79.9234315284761,80.3323973369107,22.3609525504647
B17,2586,2700.0,1500.0,688.73206,326.18286,688.03595,412.50766,186.277,57.488464,63.397297,58.662666,35.87559,43.79005,72.31508,37.379395,79.78743,69.14366,49.71221,48.362072,58.54728,116.707275,179.2825,60.866314,1500.0,1124.50215425,1990.7161629469,4294.23606767826,2700.0,2701.77053800752,79.9131339177494,80.3209288974095,22.545320391177
B17,2587,2700.0,1500.0,752.9114,337.75732,805.1449,488.06827,210.682,57.916557,67.227394,59.172985,34.638756,47.76994,72.36485,40.004448,84.79179,60.77178,49.831955,47.577393,57.554832,113.33179,167.22807,54.84562,1500.0,956.48566275,1778.28303039383,4295.82408669107,2700.0,2701.61018454328,79.8921487342493,80.3306029530648,22.4970800193324
B17,2588,2700.0,1500.0,722.3524,329.53925,849.4918,485.95322,204.94914,48.853436,66.481,59.837914,35.503433,48.647682,70.03037,38.269062,79.706345,72.34066,48.016617,49.478855,60.47645,110.06288,177.02408,60.428383,1500.0,1304.09985925,2376.59349154809,4295.40578847676,2700.0,2701.85186012153,79.8746741854129,80.3123470973653,22.5302883017044
B17,2589,2700.0,1500.0,740.3877,293.0307,712.0649,527.88635,185.92633,48.17862,63.5411,65.42921,34.97555,43.707565,61.33924,39.70127,73.1319,63.57133,45.503124,47.642498,54.844795,106.94194,170.50887,56.882263,1500.0,1166.63182075,1889.15350047695,4295.73891284652,2700.0,2701.83124324756,79.8678872199971,80.3199146831873,22.5380344024571
B17,2590,2700.0,1500.0,925.64404,304.54794,830.7793,513.6841,181.65414,49.119923,60.377766,61.46158,38.003624,50.774673,69.69781,37.625824,88.11232,65.079254,47.111855,47.542976,56.813957,122.7214,176.0734,59.062817,1500.0,1132.1392675,1706.90113169343,4294.6657224052,2700.0,2701.87934928684,79.8518950011479,80.3025950792924,22.4479201021706
B17,2591,2700.0,1500.0,707.44293,294.29156,741.4356,470.3356,178.18237,50.44092,61.81922,60.137215,36.487648,44.696594,69.24806,38.46509,79.66,70.313545,53.361706,52.389088,60.346455,121.73323,163.67044,60.989502,1500.0,1197.18027375,1853.2285195274,4295.42282324564,2700.0,2701.30322219742,79.8402714367645,80.2890983366519,22.5703227328327
B17,2592,2700.0,1500.0,996.7987,394.01523,791.38184,388.4876,174.66837,50.329445,66.731445,68.501915,36.95393,47.196083,67.79089,39.888752,85.07972,62.713367,49.466125,49.25593,56.900978,116.38263,168.51382,59.232655,1500.0,1093.95370125,2023.29532676914,4295.06887860273,2700.0,2701.73274040524,79.8244353714997,80.2819989119333,22.5758447746861
B17,2593,2700.0,1500.0,1344.3303,408.2019,841.0519,514.56506,215.22282,52.73249,63.156708,58.658264,34.92324,41.00106,64.50666,36.462654,83.01563,62.25297,45.089577,45.763447,52.14275,104.31917,155.24577,58.5353,1500.0,1265.914293,1955.031661347,4295.36982618683,2700.0,2701.59071305119,79.8429237900695,80.2908146803729,22.5703994251794
B17,2594,2700.0,1500.0,1086.6813,376.28644,688.8416,402.97504,161.44148,50.13006,68.38512,67.82834,37.376377,47.989033,71.58721,40.425716,81.82551,63.95632,52.15338,51.71449,61.483467,122.948685,173.54762,60.056343,1500.0,1250.6400665,1842.35919647787,4295.43228700615,2700.0,2701.0489474184,79.8561855886736,80.2773959987278,22.4335787565234
B17,2595,2700.0,1500.0,1121.0056,402.48007,747.97266,420.7099,203.67096,53.753204,66.23949,60.17262,36.825577,47.578835,66.3944,39.74072,77.16274,63.826336,47.651455,44.865112,56.36261,112.45809,182.25209,61.80113,1500.0,1139.77638075,2377.88032216436,4294.88338889682,2700.0,2701.34674670915,79.8449520626493,80.276849889905,22.433195283696
B17,2596,2700.0,1500.0,1305.8557,336.85248,756.79254,451.2521,225.00977,54.964104,69.06485,66.5214,36.48949,46.924435,64.53921,40.227264,79.96479,61.525574,48.717983,49.92424,55.084057,118.59825,166.04697,57.95625,1500.0,914.6070835,2272.17033668727,4295.12566116576,2700.0,2701.21502779209,79.8196767655361,80.2633532507744,22.4368764776962
B17,2597,2700.0,1500.0,1187.4679,391.21518,688.98816,388.5867,159.5817,44.79017,64.2198,61.295128,36.24981,45.64488,68.57889,39.194008,82.153305,63.152466,48.088142,46.350773,57.20299,113.10841,167.83931,57.97184,1500.0,1200.87328675,1880.64825154409,4295.23354803554,2700.0,2701.50366402774,79.7891750450059,80.2247359997016,22.4775233408189
B17,2598,2700.0,1500.0,921.3716,348.95587,714.8783,450.67075,189.5586,45.543583,68.79922,65.528656,38.95617,47.36199,68.58712,40.533176,86.205154,66.12242,52.672005,49.59318,57.454567,118.808395,170.69969,61.21803,1500.0,1338.34132525,2116.22079248008,4295.09537713216,2700.0,2701.72930425958,79.8066491419994,80.2270764262505,22.5939448324222
B17,2599,2700.0,1500.0,1086.4507,357.8155,754.5485,406.37054,172.94542,46.912876,59.749176,50.777092,35.5677,43.89383,76.825325,39.073647,85.46332,65.299446,51.145424,49.482697,60.63578,122.303406,188.61354,66.00505,1500.0,1204.817387,2396.02413072711,4295.05752209013,2700.0,2701.67661669275,79.8084433625212,80.2219274898695,22.6016143520211
B17,2600,2700.0,1500.0,940.38477,427.51764,782.75793,447.55884,201.65251,58.761322,79.26415,73.32145,36.257492,51.179764,69.12584,37.42648,83.84374,70.44108,51.115364,51.548626,62.315147,117.83193,171.81436,60.030617,1500.0,1288.82563275,2139.31543680143,4294.45941242619,2700.0,2701.01344057989,79.8024366279698,80.2088991569853,22.5476211535115
B17,2601,2700.0,1500.0,929.93146,335.6149,779.0116,509.77817,209.10225,47.59687,57.354877,64.76927,39.82498,46.994377,72.52346,38.599987,84.78894,66.92137,48.238075,48.516563,57.337852,111.88058,164.96948,58.89864,1500.0,1155.05060725,2046.21191613995,4294.48401820349,2700.0,2701.85987779475,79.7983801381846,80.186977347263,22.5786824791834
B17,2602,2700.0,1500.0,995.1263,335.46777,695.9141,518.9059,221.38724,51.46659,64.86583,66.515656,35.664013,44.782207,72.476524,38.204884,74.963425,61.56012,48.815113,46.666264,58.180317,121.06505,168.08835,59.23748,1500.0,979.3970025,2334.90550328449,4294.40452261525,2700.0,2701.82551633813,79.801734543022,80.1939205386263,22.4291306155316
B17,2603,2700.0,1500.0,975.06604,344.7306,838.7339,510.58105,178.09964,47.02743,60.267303,61.126575,35.258057,44.29766,65.387856,34.591343,72.853806,59.902473,47.32167,46.818436,54.937183,104.778564,156.44217,55.650757,1500.0,1136.08336775,1741.47942574309,4295.53828112381,2700.0,2700.94586304852,79.7951817558014,80.1843248959039,22.5206248842545
B17,2604,2700.0,1500.0,971.3927,380.24084,737.8034,509.67953,243.11093,52.325573,70.49381,61.49185,36.075188,43.41008,69.73727,39.15401,82.36809,60.041985,48.9432,49.14385,57.915886,115.92513,159.02151,58.61329,1500.0,1231.42173975,1761.8639354067,4294.87581788843,2700.0,2701.99159671181,79.7736512596775,80.1995375120457,22.5970893203758
B17,2605,2700.0,1500.0,1197.4822,411.29672,728.5024,416.10806,182.18443,51.04422,59.483307,66.00493,37.543896,48.647625,69.2653,37.18987,87.2875,66.18263,48.79755,48.573242,58.086494,116.80438,165.30394,57.749542,1500.0,1136.08336775,1827.68798945968,4295.44742902296,2700.0,2702.19089316024,79.7599217418698,80.1991474443901,22.4763729495032
B17,2606,2700.0,1500.0,960.6004,397.5163,820.6964,445.80792,171.54388,47.359207,59.312508,67.29474,37.053802,45.31359,72.875114,36.34452,75.6353,64.76097,49.01204,47.64082,54.887035,112.141846,154.34251,62.31604,1500.0,1132.1392675,1690.59534195681,4294.98938301449,2700.0,2701.51168170095,79.7400296435923,80.1805022497058,22.5557507551859
B17,2607,2700.0,1500.0,1106.9955,431.93817,808.2967,433.78525,158.57608,45.01778,58.465015,57.960773,34.871,46.186882,68.07658,37.196312,83.00266,59.7877,48.87246,45.265057,54.522095,101.534836,153.15027,55.332916,1500.0,1376.5268915,1543.45922300744,4295.6934867961,2700.0,2701.57925923231,79.7268463180339,80.1717647916055,22.5032154959328
B17,2608,2700.0,1500.0,967.53906,396.63437,734.1686,545.36096,212.67859,52.646034,62.065926,61.09327,38.129066,45.798695,63.039032,38.338863,83.949974,64.225784,45.310757,44.859367,55.30009,120.41136,159.43378,56.414185,1500.0,1067.3493485,2051.19125174586,4294.43480664887,2700.0,2702.00534129446,79.7309807278722,80.1610770337443,22.402825516056
B17,2609,2700.0,1500.0,1080.8425,415.9069,664.3624,452.7191,215.61809,56.275097,55.46984,65.05528,37.88504,45.381195,70.47656,38.197407,90.15894,65.00399,50.263786,48.01216,56.328815,115.79521,164.73373,64.70186,1500.0,1151.35759425,1980.59178777363,4294.79442954809,2700.0,2701.78886411772,79.7323068605513,80.1594387673608,22.4653292286079
B17,2610,2700.0,1500.0,970.8097,346.07477,692.4242,485.8509,221.98294,52.745037,68.926796,65.19097,38.736828,47.102837,70.125175,41.855408,90.179855,68.27333,49.536896,52.353344,62.64207,119.19877,178.7695,65.4875,1500.0,1220.0916135,1760.45861969881,4295.15026694308,2700.0,2701.97327060162,79.7163152975852,80.1263615702156,22.4799008155312
B17,2611,2700.0,1500.0,1444.266,376.59454,765.2759,407.91904,169.65042,50.764748,64.420746,65.42505,39.282375,47.800568,79.99006,41.962795,81.22835,65.39987,51.74215,50.66552,63.954346,122.25551,178.80408,60.14623,1500.0,1185.59906025,1680.1447584749,4295.15973070359,2700.0,2702.020231259,79.6919770676806,80.1100571303421,22.3183898398125
B17,2612,2700.0,1500.0,1846.0361,396.02643,702.62805,419.67987,175.42441,54.512157,57.315754,60.86672,41.352226,51.409046,71.58289,40.92813,87.0578,72.69501,55.16384,54.505135,64.06952,124.25435,175.95792,61.968933,1500.0,1185.59906025,1695.60346251132,4295.06698585064,2700.0,2701.55062468512,79.6869066255625,80.1009298005963,22.5141826686136
B17,2613,2700.0,1500.0,1786.1907,451.78882,787.6464,453.92953,223.50748,54.312218,65.81581,67.61479,37.67057,48.900394,69.29379,40.244183,84.18586,62.477886,46.954536,52.21592,59.05979,119.91948,158.22432,58.3006,1500.0,1246.69596625,2232.42853163747,4296.15721106087,2700.0,2701.13714182374,79.6726314228791,80.0892281295325,22.4384103599667
B17,2614,2700.0,1500.0,2839.5598,386.05276,759.50055,489.1922,198.19514,56.352867,67.904976,70.0435,39.893234,49.557728,70.83579,42.905773,82.98306,64.01906,48.50981,49.50067,55.274464,111.21629,170.4854,62.20987,1500.0,937.51842325,2294.50012908013,4292.08022303509,2700.0,2702.83116163535,79.6901049035665,80.0902422743744,22.3085736572107
B17,2615,2700.0,1500.0,1731.195,449.694,812.8378,486.90607,213.40393,57.735962,68.655754,69.83087,37.011646,47.227375,73.888245,39.442497,79.134346,65.18208,50.82374,49.132347,58.8779,112.25758,159.9133,58.782234,1500.0,1189.5431605,2001.27772912329,4295.95847209026,2700.0,2700.95846224929,79.6823042310439,80.0674631396499,22.5131089189365
B17,2616,2700.0,1500.0,1893.3918,419.91705,794.04034,423.64386,208.18208,57.51234,71.85554,63.464844,40.092884,47.69384,69.05568,39.359016,84.54906,67.44661,50.648792,50.62262,62.50219,109.55243,175.89017,58.7297,1500.0,1365.19676525,2077.53366355116,4295.76541137594,2700.0,2700.98595141459,79.6743475645617,80.0679311976369,22.5230790895483
B17,2617,2700.0,1500.0,1983.2819,440.96085,766.3991,464.28363,208.08606,52.33441,68.52749,66.151764,38.443443,53.311768,75.13802,40.438805,81.71685,69.36766,53.898438,48.69663,62.20714,117.26884,170.28658,59.230217,1500.0,945.1555365,1774.0561352464,4296.13260528355,2700.0,2700.67784368685,79.6592143486819,80.0634065938374,22.3984541363054
B17,2618,2700.0,1500.0,1983.5859,461.146,895.4824,492.34097,232.98364,61.77118,74.882065,62.856537,39.090492,46.170883,70.10775,40.33678,82.969284,65.173225,50.11311,46.411663,57.95747,111.778244,165.5649,59.31344,1500.0,1185.59906025,1908.09517264113,4296.07014446423,2700.0,2701.18868400868,79.6603064341866,80.0644207288758,22.4815113550517
B17,2619,2700.0,1500.0,1898.1858,425.98358,908.8494,446.41144,214.14262,48.651794,55.608234,58.63794,40.29635,50.980724,76.96657,43.21381,83.56854,63.737926,53.27289,52.94921,57.99883,123.980995,168.91681,59.986206,1500.0,1273.55140625,2178.56301647176,4296.5206194643,2700.0,2700.6091207736,79.6724754101863,80.0672291035,22.4583502240002
B17,2620,2700.0,1500.0,2099.039,387.19135,871.1325,471.2623,216.6572,60.093964,69.14075,69.18009,39.43286,53.650932,73.52645,44.2615,84.25134,74.48927,52.860035,51.955925,60.560547,125.461525,180.68103,63.092033,1500.0,1082.623575,1796.06110811579,4295.84112145999,2700.0,2701.378817402,79.6833963240551,80.077682525699,22.5517627568878
B17,2621,2700.0,1500.0,1919.4076,393.931,889.704,460.31158,201.87796,58.22103,59.009766,66.53101,37.27328,50.730694,70.03483,40.217354,81.40992,64.38339,50.676632,51.661186,60.845367,116.65072,170.54822,67.2466,1500.0,1365.19676525,1675.24911014002,4294.39884435895,2700.0,2702.24128996329,79.6914310195819,80.0850935504348,22.581520203592
B17,2622,2700.0,1500.0,1566.6335,356.4224,805.5538,438.5442,236.50127,70.04918,63.79823,63.484436,37.757275,53.03606,74.83391,40.38571,87.95471,67.025276,51.0361,57.38048,65.001366,131.09122,181.16586,60.645485,1500.0,1204.817387,1553.06313798759,4294.68464992621,2700.0,2701.48304715376,79.6914310199945,80.1099011069753,22.4669397635089
B17,2623,2700.0,1500.0,1773.8298,348.00412,855.13654,381.0202,215.69865,60.736504,65.50311,74.43742,37.91106,52.327747,76.12909,42.055138,89.39787,73.21599,56.285534,57.351246,66.51341,129.89424,186.53944,63.138805,1500.0,987.03411575,1780.07109083272,4296.93513217441,2700.0,2700.69846056082,79.6993877279212,80.096639183944,22.499841000491
B17,2624,2700.0,1500.0,1575.137,411.78116,1042.1072,439.10254,245.33975,58.54759,67.77471,62.945076,41.401344,49.61468,75.05177,41.80979,89.26412,71.296486,52.030815,52.317493,59.510162,126.474525,178.30635,62.962482,1500.0,1311.7369725,2405.48047988459,4294.81714257333,2700.0,2701.75221189733,79.7287185029664,80.1532757737305,22.5819036630678
B17,2625,2700.0,1500.0,1838.1687,431.4145,899.868,457.587,237.29753,55.329723,68.5349,69.886375,39.82591,52.968475,83.119514,43.403023,87.17314,69.6327,55.686775,51.481007,66.930885,127.98198,183.47827,66.83653,1500.0,1204.817387,2348.33963880345,4293.8026274471,2700.0,2702.23670843574,79.7521209041308,80.1805022495842,22.463872077739
B17,2626,2700.0,1500.0,1743.8734,398.4913,874.0084,384.22675,201.4993,54.964996,66.5243,60.465527,39.394352,56.602375,87.521774,46.34629,87.8131,73.99912,54.841045,56.39965,66.24622,126.74275,192.48044,64.66097,1500.0,1189.5431605,2035.58790007814,4294.1130387917,2700.0,2702.24243534518,79.7753674535581,80.1963389562968,22.4909445755596
B17,2627,2700.0,1500.0,1482.4495,439.6812,995.097,480.2798,239.17427,55.404034,69.29547,69.43255,38.74758,53.345894,71.93946,41.686996,90.66844,65.10279,51.654564,55.24363,65.47166,120.86111,172.33069,63.13316,1500.0,1197.18027375,2217.37879143451,4293.39000748907,2700.0,2702.66851740732,79.8293500044817,80.2226296170327,22.4191607302564
B17,2628,2700.0,1500.0,1673.0156,362.15656,889.40784,357.41257,176.56949,55.25603,72.52089,62.952198,40.691326,48.973915,71.05116,41.887753,89.59989,69.141525,52.767212,51.434814,57.801186,114.971436,189.42215,61.874187,1500.0,1174.268934,2328.9605818523,4293.83858973703,2700.0,2703.18050311104,79.8754542969105,80.2616369177835,22.4999943620689
B17,2629,2700.0,1500.0,1562.3325,419.08722,828.76086,375.01324,203.43321,56.42083,63.820503,62.637676,39.81357,50.59617,81.915665,41.30621,87.20925,76.60691,54.32845,56.381634,61.622753,130.9238,176.13562,65.51257,1500.0,1093.95370125,2396.2443658366,4296.26509793063,2700.0,2700.96877068627,79.9204670614314,80.3010347684482,22.4588870695878
B17,2630,2700.0,1500.0,1271.6194,350.51752,833.8319,384.1564,213.89717,55.395752,68.147194,68.24577,44.06611,54.561474,84.22805,46.291832,94.57138,77.411575,56.811474,61.451702,63.260345,126.8208,194.07843,68.68833,1500.0,1319.37408575,2168.58362237827,4294.59190507326,2700.0,2702.33062975051,79.9219492947825,80.2996304715074,22.4496840183147
B17,2631,2700.0,1500.0,1719.6025,355.2829,927.7035,458.26416,191.13394,60.240307,70.947685,65.13942,38.334404,51.61143,81.25157,43.24421,88.971275,78.124,57.195374,52.06379,63.84153,125.590004,173.05833,68.84059,1500.0,1361.252665,1512.09624245208,4295.47960580869,2700.0,2702.01221358579,79.9480835151706,80.3264680707762,22.5101945981646
B17,2632,2700.0,1500.0,1545.3423,374.7404,795.6486,487.22534,226.58707,64.26722,63.86717,67.006096,40.908257,52.557487,71.85728,41.66874,79.259605,67.93205,52.045033,53.894646,60.075264,124.498375,182.70474,60.90636,1500.0,1193.2361735,2217.57846225911,4295.57235066164,2700.0,2701.48762868131,80.040686134411,80.4245363844546,22.3299699261747
B17,2633,2700.0,1500.0,1940.1412,421.53946,885.89386,457.99835,210.4624,56.87378,65.09737,64.856415,40.347305,52.27584,78.176186,37.691902,91.456665,69.77099,52.084087,50.075714,60.43946,126.39219,176.45767,61.631653,1500.0,1227.72872675,2455.52320780888,4295.26383206916,2700.0,2701.49221020886,80.1206525727347,80.5314240189662,22.4566629965844
B17,2634,2700.0,1500.0,1587.1783,360.81503,860.98926,353.77444,193.53511,65.11376,70.69843,71.465744,39.295723,52.54029,78.822784,39.33412,88.2849,68.55815,49.230927,50.288506,60.982708,121.81509,177.78801,59.867443,1500.0,1330.704212,2206.5383812586,4294.66572240521,2700.0,2701.928600708,80.1570086862448,80.5859614513525,22.4509110871493
B17,2635,2700.0,1500.0,1092.9683,372.9022,852.2892,396.2953,197.2391,55.77302,62.82483,62.645332,39.36673,53.779144,81.27606,44.223953,84.52802,69.167336,52.914375,54.712963,64.73207,131.53938,175.05824,66.26602,1500.0,960.429763,2237.29419705317,4294.86256862371,2700.0,2701.84498783021,80.2004649092751,80.6354282273409,22.5483880986079
B17,2636,2700.0,1500.0,1346.9817,348.3526,939.23193,398.65787,186.59868,59.57743,70.3282,63.632545,41.701675,52.490753,75.949295,40.136677,91.60567,75.49498,59.2643,58.451344,64.74837,128.24445,203.07927,69.69641,1500.0,925.93720975,1652.13284504416,4295.88844026251,2700.0,2700.94128152098,80.2244167887126,80.6545441389564,22.5278340971315
B17,2637,2700.0,1500.0,943.02893,363.39505,823.5944,457.3554,189.82422,54.25587,62.47721,66.592026,37.74096,54.077003,76.30519,42.662666,91.07247,73.708694,55.494312,54.260674,68.99715,123.046165,187.25627,64.03866,1500.0,1086.316588,1912.84063035751,4296.24049215332,2700.0,2700.75343889142,80.2063163294121,80.6216180282885,22.5770718943164
B17,2638,2700.0,1500.0,1087.1393,351.02097,829.7455,429.04092,216.66634,53.626884,67.81935,60.48449,41.764694,53.88263,80.14638,42.271145,94.74605,75.76056,61.645775,61.38224,67.32286,144.18301,194.24385,71.77283,1500.0,1357.559652,1830.63653748568,4296.91052639711,2700.0,2700.53123480525,80.2251969829535,80.6387832597172,22.5670248551981
B17,2639,2700.0,1500.0,870.6284,340.01324,727.1146,384.72546,195.51637,52.940105,70.0269,63.097054,41.282272,51.96222,81.66416,42.763443,95.54277,79.47725,58.910034,58.08954,65.91545,140.64822,204.43806,69.731926,1500.0,1243.00295325,2109.11727882936,4294.23796043036,2700.0,2701.96181678274,80.2131039901431,80.618731157253,22.544630077981
B17,2640,2700.0,1500.0,817.4327,309.58978,720.05383,421.45908,208.50948,58.306072,64.37923,64.161026,40.36214,53.005615,90.70558,45.918144,93.06137,76.94873,58.834118,60.908344,70.01971,131.94995,199.78186,68.13742,1500.0,1315.4299855,2212.68313926501,4294.92692219515,2700.0,2701.88622157816,80.2496171609497,80.6399536160823,22.5917973354756
B17,2641,2700.0,1500.0,838.57336,371.1179,812.09827,491.45966,221.17056,58.945183,56.9947,58.047203,40.684307,51.18866,79.24933,43.93518,91.26787,72.19991,55.432343,58.54832,70.63307,135.4755,187.97531,69.87722,1500.0,1097.8978015,1505.23910730519,4296.42219635504,2700.0,2701.11767033165,80.2766122010796,80.6972237267233,22.4456960368312
B17,2642,2700.0,1500.0,838.79755,344.71976,876.3224,462.87433,217.93863,56.497517,62.979362,58.12448,41.294533,51.448364,79.18685,42.810814,96.4962,74.05219,57.50776,55.52157,63.97865,131.23146,194.31757,67.64673,1500.0,1273.55140625,1951.56605155973,4295.19190748932,2700.0,2702.4600579038,80.305089866616,80.70619665385,22.3578849192769
B17,2643,2700.0,1500.0,922.1667,315.07623,720.16315,407.85526,235.71365,56.62037,72.67084,65.48399,39.67164,56.07176,76.34938,44.603172,82.62874,71.18654,54.93151,52.271446,61.913544,129.87244,194.48705,68.19072,1500.0,1097.8978015,2322.28272903064,4293.09473816131,2700.0,2702.64446438769,80.3643866156853,80.7598786788473,22.3540504267732
B17,2644,2700.0,1500.0,780.8662,302.83652,778.9087,407.51483,226.80302,62.91201,62.29728,60.91385,41.673367,53.03827,79.869026,41.817043,93.540695,71.46118,58.91517,54.30774,66.54247,143.91673,185.26437,64.67241,1500.0,1128.4462545,2363.22934985872,4293.01524257304,2700.0,2703.1931023118,80.4118247809192,80.8311179466011,22.3050459745723
B17,2645,2700.0,1500.0,736.4616,310.46393,798.6673,402.29517,188.89787,56.07194,60.090057,62.455467,38.37413,51.821037,79.7353,42.171165,88.33067,75.620384,56.916462,55.828907,64.70875,129.5383,201.96936,67.651794,1500.0,1082.623575,2448.28681847739,4294.50673122871,2700.0,2701.91714688912,80.4548942339345,80.8712248419034,22.4246825123417
B17,2646,2700.0,1500.0,738.5028,321.62766,744.32117,409.12262,212.39226,65.93869,64.31917,67.09284,42.24541,54.8356,80.44556,43.88402,94.65244,75.58702,58.198296,57.1385,68.11533,137.04837,207.86433,73.390854,1500.0,1200.87328675,2395.44640166727,4295.79758816167,2700.0,2701.17952095358,80.4967158303736,80.9012663224887,22.4673232405888
B17,2647,2700.0,1500.0,929.8695,324.5336,877.7344,477.47858,236.1624,57.76161,66.12736,66.21108,41.62218,55.447792,83.770065,47.298653,97.80793,79.060356,60.39812,62.556232,68.78043,145.0125,207.82767,76.26213,1500.0,1170.32483375,1807.11745863489,4296.39948332979,2700.0,2701.59185843308,80.5083417043699,80.9242072687892,22.4922483733581
B17,2648,2700.0,1500.0,759.67883,364.3038,675.90826,439.30365,228.23203,56.901775,60.82842,58.493103,39.764687,51.172325,79.16461,43.74095,91.77138,70.278725,52.53823,53.510185,69.18231,146.15648,194.53549,70.10277,1500.0,1261.97019275,1510.94270104207,4293.88969404376,2700.0,2702.5058731793,80.4811106941929,80.8823830717387,22.4614179194536
B17,2649,2700.0,1500.0,844.9971,331.3776,806.3624,442.3942,192.9111,59.126507,66.0674,64.78283,39.806896,54.05828,81.18615,44.12893,91.605835,75.51183,57.149567,59.01179,69.186485,134.1134,192.68849,67.91858,1500.0,1029.16378225,2026.13475143291,4296.45248038863,2700.0,2700.26665158924,80.5203577512936,80.9267822831705,22.4005247889764
B17,2650,2700.0,1500.0,692.5319,323.5429,841.5461,409.5649,192.67789,62.76538,66.67939,62.532494,42.197643,53.29252,80.653694,46.668358,104.405235,79.23444,60.818077,65.81709,69.8316,143.37357,209.61093,70.659805,1500.0,1017.58256875,1809.29711218409,4293.63985076641,2700.0,2702.29970443955,80.5443119499699,80.9491771910005,22.4105713112648
B17,2651,2700.0,1500.0,827.9216,350.78052,827.6154,507.20795,209.50623,55.472797,60.33919,62.38572,40.1828,52.290436,78.42911,41.423347,94.66731,71.5086,52.570595,54.999317,65.76641,129.20186,187.65498,66.94768,1500.0,1029.16378225,2260.14817834737,4295.23922629184,2700.0,2701.07987272936,80.532607922672,80.9669683761838,22.412565281118
B17,2652,2700.0,1500.0,788.0904,373.3575,904.8293,519.5324,205.87161,58.348248,65.45217,65.64281,37.906406,50.83441,80.466515,42.95906,83.4607,72.93828,51.273354,51.784615,65.09577,126.95913,187.43736,69.65888,1500.0,1281.1885195,2451.95593769263,4294.54269351864,2700.0,2701.36621820124,80.5630384809669,80.97672235602,22.4986905741536
B17,2653,2700.0,1500.0,789.7117,316.52618,634.3434,338.53748,192.74771,55.90807,66.55778,62.72234,41.37377,51.408436,78.056725,45.09803,88.28338,78.232056,57.63667,59.636578,67.25711,141.63792,203.90924,73.01869,1500.0,1132.1392675,2232.5416107914,4293.93133458999,2700.0,2702.09124493603,80.6069682163799,81.0101202001756,22.4601141664893
B17,2654,2700.0,1500.0,768.9239,340.18466,906.4542,441.50732,189.40536,59.497906,66.40599,61.160744,41.416862,53.19746,85.34673,43.995045,91.23829,75.33749,59.793983,58.613213,69.298195,140.90047,190.49081,69.157455,1500.0,1189.5431605,2178.41393387872,4294.39505885477,2700.0,2703.15988623706,80.6079825882283,81.0031752934335,22.4851926235236
B17,2655,2700.0,1500.0,808.78705,267.30154,747.4501,380.36053,217.06905,65.23622,66.08719,63.944603,40.62843,53.775475,78.14116,44.762318,98.626526,78.51076,55.30014,60.17817,64.45155,137.17732,194.6556,65.9376,1500.0,1227.72872675,1905.5445309474,4295.25626106074,2700.0,2700.7832188205,80.603534965085,81.021981198276,22.3270557099214
B17,2656,2700.0,1500.0,732.94934,279.99478,744.05756,517.1062,265.72415,69.67705,63.654163,65.48981,39.72433,52.049324,74.45385,43.82395,94.02449,75.59874,55.895287,59.585743,64.22395,127.65112,200.30109,69.08153,1500.0,1155.05060725,2083.64308837318,4294.29852849759,2700.0,2702.40966110075,80.6869483654381,81.1045411695625,22.4624149147719
B17,2657,2700.0,1500.0,847.87195,322.95123,819.3454,399.33417,194.51743,60.913025,61.52836,67.733765,43.314224,46.825554,84.52678,43.181007,85.32638,75.592224,53.5506,53.71269,65.98748,117.613075,185.80428,64.67699,1500.0,1025.219682,2471.74335553086,4298.05185591406,2700.0,2700.11660656197,80.7763723643723,81.1828111734242,22.3051993534044
B17,2658,2700.0,1500.0,885.7713,302.36948,742.49963,436.53818,213.8896,54.13816,69.63942,62.13503,43.059372,54.013878,77.639565,45.24517,95.05057,75.306885,54.46975,56.370857,71.40782,139.51236,205.81729,75.053635,1500.0,1334.64831225,2089.25789748359,4294.58433406488,2700.0,2702.87468614708,80.8178858993218,81.2424318446257,22.3968436270488
B17,2659,2700.0,1500.0,732.9588,331.0501,871.49866,398.86288,200.04163,57.7015,64.96537,61.349407,39.930313,50.772385,86.829056,40.474308,98.79818,72.74029,63.455193,55.4896,70.354996,133.05087,188.50926,69.22462,1500.0,1189.5431605,1502.58057406449,4298.24491662838,2700.0,2700.53352556903,80.8235043124736,81.2222200124326,22.406966839042
B17,2660,2700.0,1500.0,812.04755,360.06805,928.28107,509.81827,235.92874,67.05745,65.580894,61.59484,42.95491,54.173027,78.832825,45.396053,97.59137,81.150215,58.79544,62.119038,69.44707,134.30228,209.14607,77.815506,1500.0,1071.0423615,2385.02749847283,4294.24742419087,2700.0,2702.22525461686,80.7864385678409,81.1918634564839,22.4902543551651
B17,2661,2700.0,1500.0,864.10266,329.80402,756.1718,435.01154,191.55891,51.495007,62.407887,67.00618,40.9474,52.44398,82.86387,47.09307,99.07107,80.471756,59.73295,59.338806,74.90665,138.86458,212.075,79.11884,1500.0,1258.27717975,1929.08369585902,4295.23165528345,2700.0,2701.1680671347,80.7773867861089,81.1806261427018,22.5294446632603
B17,2662,2700.0,1500.0,883.23193,315.91232,696.3575,452.615,246.30746,72.606995,65.28667,70.69368,38.44162,50.136528,81.39279,43.920734,94.16234,79.43596,58.636242,58.287987,69.0074,134.47446,204.32735,74.38925,1500.0,1376.5268915,2070.42156770158,4295.07834236326,2700.0,2701.85644164909,80.7796497292135,81.2045835179016,22.5160999699262
B17,2663,2700.0,1500.0,737.95605,351.53674,893.4329,526.2746,220.38004,62.491558,69.76318,63.620037,42.53399,56.405426,79.025536,46.433273,101.66474,77.73104,59.459625,59.20597,71.281265,135.97496,204.66824,78.53822,1500.0,1063.40524825,2112.92498868916,4295.13891043047,2700.0,2701.61247530705,80.7841756200648,81.2187083074679,22.4428584345688
B17,2664,2700.0,1500.0,820.23535,327.48746,735.66516,400.2063,187.4405,54.54264,64.28932,64.91981,41.4192,50.66998,82.72476,45.78614,91.16753,77.20271,59.489075,57.599957,73.57687,134.31715,200.52112,76.84448,1500.0,1327.011199,1727.21898486069,4295.60452744736,2700.0,2701.65714520066,80.7971290666273,81.2196447584689,22.489564102437
B17,2665,2700.0,1500.0,779.3363,296.83295,829.6498,421.01544,230.21687,61.325752,70.5167,66.295746,44.630104,62.121727,90.74547,46.54261,104.35404,82.919655,64.645676,66.29056,73.369934,155.68227,212.57144,79.86106,1500.0,1220.0916135,1686.7455647594,4294.98181200609,2700.0,2701.57925923231,80.8306053758379,81.2358766426214,22.5053629068336
B17,2666,2700.0,1500.0,808.8685,346.51605,715.1466,337.27548,205.4697,56.41862,65.64997,63.329796,38.811417,57.231617,78.62024,47.09258,103.63069,78.12369,61.56117,62.061646,74.9432,142.54153,206.83984,75.67709,1500.0,1185.59906025,2019.25621665354,4296.40705433823,2700.0,2701.46930257111,80.8113310957956,81.2062223054339,22.5264536373293
B17,2667,2700.0,1500.0,736.88904,329.69888,756.11957,486.78687,248.84998,58.739697,64.87312,62.917633,40.748802,56.341408,85.85855,47.687477,95.44499,76.18128,58.78438,55.145134,68.059906,137.9855,226.52963,73.07973,1500.0,1101.5908145,1770.38064665961,4296.87267135509,2700.0,2700.8107079858,80.8180419657551,81.1987307228094,22.5684820548888
B17,2668,2700.0,1500.0,773.43164,328.34137,797.5313,394.2935,198.01741,55.181572,65.0942,61.444557,41.3203,55.97875,81.67974,43.24486,91.281204,75.66491,56.967632,63.063133,74.600174,144.61678,206.05661,71.86803,1500.0,1220.0916135,2000.79699265246,4296.70989467439,2700.0,2701.87247699551,80.8238164465571,81.2014620261325,22.5519160564148
B17,2669,2700.0,1500.0,746.2418,332.032,751.98596,454.4501,239.5878,53.229713,62.0736,65.720505,38.36854,52.937065,74.46843,41.4581,92.39611,72.57932,53.09483,53.452404,63.532967,140.75351,176.51402,66.176445,1500.0,1330.704212,2304.70194560002,4287.54708175292,2700.0,2701.45326722469,80.8316978489498,81.2187083061734,22.46364199757
B17,2670,2700.0,1500.0,810.1144,289.55585,745.53894,421.31543,213.99844,61.01236,64.36354,62.72179,41.730324,50.18893,83.09388,46.121006,92.84564,80.28331,58.995716,60.92639,68.33966,136.5624,206.25656,74.5624,1500.0,1483.446477,2167.88453319179,4296.31052398105,2700.0,2700.95846224929,80.8639259558776,81.2641265424684,22.3673178100195
B17,2671,2700.0,1500.0,727.5151,312.7096,733.5552,408.55658,204.62979,59.930946,61.996197,60.855278,37.598015,50.05207,84.3271,46.78969,93.70097,74.73028,56.712837,58.393715,67.56131,142.0349,188.45535,66.088844,1500.0,1353.61555175,1558.73311638591,4295.70484330871,2700.0,2701.10163498522,80.8294348699371,81.251172136566,22.4966965523944
B17,2672,2700.0,1500.0,781.5229,256.6889,763.83856,463.0543,206.44406,63.275948,59.121086,64.02354,42.233276,55.113945,86.02022,50.246704,102.92271,76.207344,65.793106,63.00175,72.38471,165.30925,223.98628,79.66713,1500.0,1155.05060725,1561.22917204842,4297.67519824595,2700.0,2701.04207512708,80.8720415577512,81.2799684456201,22.453748694871
B17,2673,2700.0,1500.0,740.38275,282.1943,798.82336,433.49252,201.18814,67.22777,72.149475,63.13985,41.473984,53.544533,89.78475,48.428368,102.035934,78.6324,58.81361,61.28175,72.15144,146.65091,213.96451,76.695045,1500.0,1239.058853,1792.40387721201,4296.62850633403,2700.0,2700.68929750572,80.8521427613657,81.2833241309744,22.562653261691
B17,2674,2700.0,1500.0,841.3673,296.68,785.256,405.08063,197.96126,55.998146,58.167248,66.368904,41.971306,53.82099,87.40299,43.602592,102.3591,82.41755,60.984913,63.48051,73.263306,150.49901,223.47568,74.50186,1500.0,1139.77638075,1831.38739328582,4295.88086925411,2700.0,2701.1405779694,80.87563115722,81.2773931562473,22.5381110797929
B17,2675,2700.0,1500.0,753.44446,325.78476,730.244,396.19873,253.26782,59.826794,66.929054,64.5103,38.55532,51.032146,85.98024,44.84396,97.86879,82.45166,58.49474,62.138783,73.92734,136.54074,207.7205,73.41679,1500.0,1101.5908145,2410.69123545462,4295.59695643894,2700.0,2701.76595647998,80.9084839782674,81.2911280581676,22.5041358155593
B17,2676,2700.0,1500.0,754.87244,365.3838,815.29456,531.16907,211.35892,61.850655,62.172047,62.901196,39.34372,51.79763,85.66447,46.907368,90.14363,71.67528,56.697765,53.230217,70.29824,131.93166,192.8234,73.82354,1500.0,1193.2361735,2343.5751549431,4294.53512251024,2700.0,2702.34551971505,80.9592855383176,81.3336597950332,22.4787504229171
B17,2677,2700.0,1500.0,752.8429,316.3059,913.99133,478.29214,217.1407,67.28444,62.882103,65.41743,39.044716,52.684822,88.835464,49.71224,100.751175,81.60587,62.718536,62.519226,70.373764,134.7725,207.87016,71.55989,1500.0,964.122776,2187.15013010474,4296.23859940121,2700.0,2701.39370736653,80.9629532700105,81.3595693053648,22.3898647772732
B17,2678,2700.0,1500.0,919.49414,257.2919,767.8041,458.3706,197.19838,62.399567,61.39985,68.81608,41.76599,54.352562,81.16803,46.051247,98.14015,81.20243,62.564728,60.047096,74.56577,142.22903,212.7439,77.05614,1500.0,1265.914293,2448.48458752805,4295.96604309866,2700.0,2701.30207681554,80.9499211365797,81.3438050616403,22.4283637333406
B17,2679,2700.0,1500.0,847.5414,262.75357,728.4277,437.20352,202.36552,60.41743,69.2572,64.46988,42.53441,53.576427,77.63838,46.182945,99.08595,79.775925,61.321735,60.744606,73.19352,147.20474,205.04399,77.956635,1500.0,1220.0916135,2076.69398602338,4295.28275959016,2700.0,2702.09468108169,80.9790289055595,81.372836301839,22.4759128269649
B17,2680,2700.0,1500.0,901.8351,309.30853,743.3561,433.3868,207.60788,60.69294,66.85219,70.03904,39.51774,55.787006,79.84218,44.011436,98.29654,77.594864,61.07154,59.834423,74.66938,144.81613,208.36746,76.96162,1500.0,1109.22792775,1754.38426998657,4295.99254162807,2700.0,2701.82895248379,80.9665429678711,81.3744751714263,22.4765263339483
B17,2681,2700.0,1500.0,877.4756,270.43585,827.0311,385.5617,199.1488,58.875042,61.97889,64.35552,41.39689,52.79065,84.626724,47.39397,99.99038,86.091965,62.447945,60.389374,78.08587,136.69339,213.71994,74.89808,1500.0,1136.08336775,2191.91973127136,4296.94648868702,2700.0,2700.64920913966,80.9759854540238,81.4012434614381,22.5408721818406
B17,2682,2700.0,1500.0,812.87506,267.91934,843.51056,439.43597,194.43684,64.39967,60.985054,63.87254,41.037895,50.475014,87.29318,41.802086,103.84702,77.951225,59.36678,63.94462,71.01594,149.30154,207.67155,75.11595,1500.0,1399.43823125,2458.20686348019,4296.68150339286,2700.0,2701.24251695739,80.9622509378266,81.3928149401495,22.5151796581112
B17,2683,2700.0,1500.0,766.3303,272.2188,792.1288,342.33112,189.64946,62.07374,68.94638,62.762703,42.773277,55.065052,83.104965,46.52418,96.1563,80.36156,65.46208,60.864185,74.58736,140.82542,201.22565,75.21604,1500.0,1174.268934,2171.05537454941,4325.55732944721,2700.0,2702.3959165181,80.9732541536183,81.4038188488436,22.5131089320431
B17,2684,2700.0,1500.0,755.4718,290.17792,818.2386,457.9891,218.61043,56.423695,59.989258,58.38096,40.980064,52.141346,76.91781,40.89054,89.0924,73.92007,53.136555,54.816444,65.03821,132.9878,184.50021,67.92589,1500.0,1155.05060725,2399.8335935226,4295.84869246842,2700.0,2701.46586642545,81.0377134459317,81.4438546664706,22.5934079682753
B17,2685,2700.0,1500.0,761.09656,327.53043,723.7589,417.59668,208.89778,60.747784,64.865425,69.72175,44.412838,52.459053,81.55017,45.193832,99.998184,87.51027,64.51734,60.35678,73.806175,143.84818,210.78934,76.541756,1500.0,1246.69596625,2284.55072737011,4297.37614341398,2700.0,2701.04207512708,81.0743918117073,81.4785839732441,22.4963897920436
B17,2686,2700.0,1500.0,678.2516,333.86575,804.7097,398.26862,208.53438,70.45244,61.102154,61.97448,40.423897,58.30941,85.61691,48.70209,93.84058,78.439896,66.75984,66.49064,77.71669,146.77531,202.35216,71.63536,1500.0,1082.623575,2060.96904373131,4294.29474299338,2700.0,2702.42226030151,81.0713482721956,81.4554830860381,22.6241628931141
B17,2687,2700.0,1500.0,783.6847,267.78555,779.58234,474.70605,243.07173,79.55422,63.121227,66.303154,42.292503,52.732635,81.87834,48.635338,102.95866,80.21244,58.28611,60.583485,69.155815,142.31561,208.3917,80.66885,1500.0,1311.7369725,2422.16195828714,4297.2417580148,2700.0,2701.0397843633,81.0701776806775,81.4557952593919,22.5007613205795
B17,2688,2700.0,1500.0,703.2683,291.8889,800.9341,457.57358,191.92842,60.358032,67.08046,60.042408,43.661175,54.59084,85.1559,45.547474,101.045975,82.39085,62.90328,62.331165,72.59965,151.94377,213.13718,76.598305,1500.0,1288.82563275,1880.55966933692,4295.23165528344,2700.0,2701.52199013794,81.059018063616,81.4487713725149,22.4430885070458
B17,2689,2700.0,1500.0,1014.06213,316.06696,736.72656,413.9786,193.57191,64.77955,62.9245,66.54643,40.380512,54.647163,80.10534,47.69825,99.64632,76.069534,67.879944,65.91295,77.48901,153.76486,208.57874,74.236015,1500.0,1418.656558,1745.68821526649,4296.32188049366,2700.0,2701.45441260658,81.0734553377567,81.4652385084084,22.5533732297477
B17,2690,2700.0,1500.0,821.0627,304.9894,788.11194,473.78647,225.20932,59.312927,65.28575,64.31923,39.28534,57.033386,83.731316,46.799057,106.21217,90.720665,61.148174,62.552773,73.52386,137.48744,195.84245,77.016235,1500.0,1093.95370125,1635.58805002592,4296.39759057771,2700.0,2701.13485105996,81.072206706115,81.4621948137851,22.4818181250933
B17,2691,2700.0,1500.0,760.3434,281.857,831.408,459.68915,224.452,60.817528,66.84665,62.88664,42.90325,59.553474,83.75501,47.23114,97.56384,81.9343,59.18313,63.617725,72.865746,154.12675,207.27592,77.57503,1500.0,1208.5104,2118.75029822027,4296.54711799369,2700.0,2701.33872903594,81.0531651337067,81.4621948132576,22.5769952133306
B17,2692,2700.0,1500.0,843.78827,297.32516,772.1053,381.7845,195.33253,70.23583,68.99737,64.22521,39.858788,51.72584,80.813835,44.009903,98.20271,81.40663,57.057274,61.64727,72.487175,139.41988,203.32626,72.83397,1500.0,1315.4299855,2028.0346945078,4296.66825412817,2700.0,2701.94234529066,81.1053736429259,81.4939586398269,22.557974919667
B17,2693,2700.0,1500.0,720.79425,308.52258,734.2246,495.17383,282.34665,60.494446,61.40683,62.781147,38.155525,52.233513,84.83163,46.151993,97.95622,73.51768,61.203297,56.90111,70.28386,144.8049,212.55579,75.64909,1500.0,1353.61555175,2005.73200585442,4297.69980402326,2700.0,2700.84392406054,81.1299564110127,81.5213522596202,22.5967058362426
B17,2694,2700.0,1500.0,676.4542,313.95114,762.66974,396.46332,190.82835,66.240776,59.318184,57.887856,39.5029,50.98687,82.504105,45.230404,96.997154,79.75569,60.239532,59.534264,72.07709,148.75337,211.2939,76.49492,1500.0,1143.720481,2379.44575902025,4294.27202996818,2700.0,2702.5241992895,81.1362777244002,81.5215863944136,22.3867971719593
B17,2695,2700.0,1500.0,825.55145,361.64667,892.80145,485.74396,266.02597,60.08901,65.95011,61.742176,39.73717,52.673706,78.88997,44.03457,107.64522,70.55849,54.990395,55.45913,71.80104,137.029,201.47017,76.15401,1500.0,1132.1392675,1963.18025341593,4296.45437314074,2700.0,2701.18181171735,81.1527444102729,81.5453901527615,22.4789039291856
B17,2696,2700.0,1500.0,938.4626,286.42053,820.37177,368.9591,176.71434,56.51408,65.78328,65.009155,39.66978,54.381073,86.57739,45.878155,98.04884,78.457985,64.71918,62.368664,76.18372,154.24434,213.37244,73.3175,1500.0,1468.1722505,2493.43109740108,4293.83291148074,2700.0,2702.41309724641,81.1794346641764,81.5788717946497,22.4977702709548
B17,2697,2700.0,1500.0,821.2503,297.02957,693.72107,411.69244,210.64531,61.453686,60.79112,59.428673,38.2253,54.03882,82.42235,47.376656,94.97668,76.879196,61.131847,61.517345,71.90471,143.80928,199.35474,73.53248,1500.0,1288.82563275,2214.99842044349,4297.94775454851,2700.0,2700.47740185654,81.1696013877179,81.5948712999534,22.4358028187727
B17,2698,2700.0,1500.0,680.9701,273.9838,938.9416,460.92853,254.71823,62.953926,59.083782,65.982994,40.84627,54.966713,81.28117,44.60023,91.40233,77.1794,58.82771,58.225983,72.953926,145.81783,203.70311,75.05535,1500.0,1338.34132525,1722.64264874005,4296.96920171225,2700.0,2700.56216011621,81.1986330508756,81.6047051821697,22.5120352113373
B17,2699,2700.0,1500.0,772.7572,342.18686,744.53705,431.31952,213.78833,64.06126,62.90861,65.89513,39.16816,55.131676,80.05287,44.29027,91.87768,80.78998,58.864197,57.55135,70.91521,145.73422,211.5455,74.749985,1500.0,1113.172028,2216.6624988285,4296.47519341386,2700.0,2700.9573168674,81.1845854397845,81.579886396115,22.4772932989607
B17,2700,2700.0,1500.0,784.3825,337.3327,765.8707,408.3685,217.4111,59.914593,61.29538,62.785564,40.46572,54.8786,88.09682,47.12477,93.71259,82.81117,62.89147,63.21339,73.812096,151.24475,217.63615,80.12135,1500.0,1288.82563275,1593.84907522483,4297.58434614511,2700.0,2700.46823880144,81.195199184748,81.6040027598937,22.5383411656843
B17,2701,2700.0,1500.0,909.02673,280.5056,815.3392,454.22552,211.34341,67.18372,72.07417,61.477894,39.678703,52.932514,94.04497,49.410957,97.71083,78.84253,61.462402,62.3874,78.76685,150.77666,216.38489,77.19618,1500.0,1090.26068825,1540.37614268854,4296.09475024153,2700.0,2702.05115656996,81.2195484929079,81.6206267651424,22.5282175639155
B17,2702,2700.0,1500.0,951.8922,316.8062,931.24866,407.73834,234.11545,70.367325,70.72205,72.79809,43.62724,58.07024,81.13053,47.931847,93.03629,78.76129,64.56708,63.85238,70.03838,149.77528,212.30379,77.14864,1500.0,1292.51864575,2185.92894624528,4296.00768364489,2700.0,2700.67784368685,81.2142415765898,81.6104806488151,22.5082772531818
B17,2703,2700.0,1500.0,775.4066,294.78546,744.9586,410.54883,173.90805,60.54429,63.790943,61.235847,39.686264,51.94114,85.20396,46.311977,97.56716,81.34672,63.351707,64.4716,73.40721,143.7567,212.68784,71.92673,1500.0,1204.817387,2271.13172400719,4296.30295297266,2700.0,2701.3513282367,81.2710572358265,81.6494262970351,22.446616342179
B17,2704,2700.0,1500.0,733.661,286.30365,730.62646,466.98706,261.71988,72.69065,65.75662,66.62701,40.196625,56.123665,89.00618,48.15133,103.876625,85.49305,63.38501,64.74888,73.792336,153.76758,217.37422,77.36894,1500.0,1139.77638075,1695.86339123025,4296.0379676785,2700.0,2701.70181509428,81.3187425610733,81.6836114305551,22.2801989201803
B17,2705,2700.0,1500.0,741.49835,335.63303,666.7939,460.132,258.63568,61.13968,62.12508,62.781487,41.400276,53.61198,79.33401,46.91611,98.21443,81.806656,59.28422,61.65307,72.50354,148.13866,211.28545,81.220795,1500.0,1246.69596625,1639.7933452059,4296.30106022057,2700.0,2701.4063065673,81.2940803424357,81.6651919999472,22.5824405254962
B17,2706,2700.0,1500.0,743.04504,295.25247,750.4227,427.62543,212.8958,69.230606,60.93471,63.62522,42.332157,53.693127,83.71512,48.992695,102.97418,78.088875,63.458508,63.28362,76.81537,153.025,228.05728,80.66636,1500.0,1411.01944475,1923.19178667565,4295.83922870789,2700.0,2701.03405745386,81.2998556553093,81.6659724823911,22.4585036084138
B17,2707,2700.0,1500.0,756.9239,299.39133,901.27966,417.03604,191.32095,60.161156,64.46006,64.613686,44.04957,53.983055,79.563126,46.77334,104.11003,83.25018,65.56289,66.40892,75.407196,149.65465,238.93352,80.537575,1500.0,1139.77638075,1715.13399080939,4295.31304362379,2700.0,2701.35476438236,81.291192690099,81.6818163120178,22.6520803533399
B17,2708,2700.0,1500.0,824.1261,263.98822,747.67065,454.81964,206.31503,57.633965,58.932423,59.677296,40.865032,51.85555,83.7616,45.769054,94.32257,81.78512,58.278862,60.76643,73.1346,159.08298,205.15971,72.13855,1500.0,1193.2361735,2220.46013530844,4296.37298480041,2700.0,2701.46243027979,81.2838565021561,81.7018748669,22.5075102969389
B17,2709,2700.0,1500.0,875.7285,295.85645,828.7025,479.87857,216.1182,66.39581,65.84902,60.801197,40.089493,55.120354,89.2873,47.725533,97.46603,84.004456,64.5739,64.68404,73.63881,152.73312,226.05106,77.39934,1500.0,1449.205011,2468.07410140298,4296.7080019223,2700.0,2700.98022450515,81.3106258609436,81.7104602788011,22.3749101631203
B17,2710,2700.0,1500.0,834.71484,311.4789,776.1507,451.32602,219.76599,70.8505,73.22821,70.63225,38.78763,51.21052,84.16653,46.195564,93.21818,71.96835,56.724506,60.530037,72.566154,131.70734,202.6708,73.88082,1500.0,1193.2361735,2157.63013798166,4296.59443679623,2700.0,2700.462511892,81.3565166945406,81.7419142953196,22.5351967355065
B17,2711,2700.0,1500.0,695.2741,288.29227,751.2105,371.9334,185.97705,60.183144,63.2372,66.85724,43.077976,57.635754,84.69795,45.378258,104.916176,85.065956,65.19319,65.59408,78.65368,156.73476,230.52551,79.56734,1500.0,1372.8338785,2135.52604132461,4295.00452503131,2700.0,2701.30894910686,81.3671309919647,81.7825786112643,22.5450902428864
B17,2712,2700.0,1500.0,1388.2701,364.66135,917.44775,473.55048,206.74094,61.18572,62.73581,66.01806,40.47053,54.441162,88.954025,50.235455,104.12441,78.3422,63.98589,64.8169,76.54343,147.25125,242.75691,77.81202,1500.0,1330.704212,1999.97792544803,4296.23481389703,2700.0,2702.0019051488,81.3982716643243,81.8073989235639,22.5006845963711
B17,2713,2700.0,1500.0,1274.6392,340.2509,835.1361,424.7037,220.59653,64.375046,68.4412,67.7252,42.7688,53.545998,87.55816,48.728626,101.18369,81.103134,62.5288,62.562153,71.54437,143.17796,204.72702,72.31366,1500.0,1338.34132525,1780.68380641026,4294.99695402288,2700.0,2702.22639999875,81.4631294947442,81.8310486355933,22.4769097981005
B17,2714,2700.0,1500.0,1251.4929,300.55573,869.06964,513.93835,206.87138,76.46542,70.3818,60.482758,46.55074,54.149494,84.086365,48.12655,98.50045,79.24546,60.166584,63.022438,78.27627,156.52437,223.53568,74.03986,1500.0,1311.7369725,2133.82967332285,4296.16288931716,2700.0,2701.17264866225,81.5043394641927,81.8792071588243,22.5039824320801
B17,2715,2700.0,1500.0,1426.3802,351.20764,861.4504,432.76093,213.02267,60.846672,70.26967,64.28029,41.987724,54.461548,81.06441,47.46333,101.63922,75.13489,60.390644,60.14804,73.3046,147.05692,212.9779,72.83712,1500.0,1227.72872675,2233.48419011653,4295.43985801456,2700.0,2702.39820728187,81.5261153943807,81.8913054392396,22.5585884657694
B17,2716,2700.0,1500.0,1239.2427,341.89362,940.3332,435.8126,198.9681,65.89116,64.48547,66.174576,42.688744,54.679176,85.21929,47.9625,104.9796,87.04082,67.27112,62.774147,73.39716,150.62097,223.06421,74.48109,1500.0,1315.4299855,2375.19323269744,4294.4859109556,2700.0,2702.40622495509,81.5711506596298,81.9326740891145,22.4698540792557
B17,2717,2700.0,1500.0,1467.6412,335.41022,867.0665,458.7831,215.57718,66.98527,67.706894,68.024734,38.391502,54.502453,82.964584,46.82155,93.038086,77.00009,61.19156,61.4032,75.16656,145.50786,211.02824,72.81148,1500.0,1261.97019275,2091.38673652342,4294.2663517119,2700.0,2703.17248543783,81.5873073074935,81.9699843754319,22.4766030429534
B17,2718,2700.0,1500.0,1211.6022,296.53537,943.4891,465.5766,235.5491,64.48641,66.591194,61.07064,37.33443,53.898212,83.683426,44.890686,100.83443,72.891975,59.008385,64.83336,70.63591,144.5634,198.15248,76.016975,1500.0,1189.5431605,1515.44512416068,4297.88907923337,2700.0,2700.63775532079,81.6167329045218,82.0096367667135,22.5585884501948
B17,2719,2700.0,1500.0,1492.8562,332.6757,840.7347,425.11725,202.14426,58.24068,64.3213,64.75037,40.808384,56.21153,85.3008,44.5151,100.30088,80.1295,59.27366,62.647285,74.03285,143.28712,202.30052,77.88804,1500.0,1029.16378225,1745.83646392054,4295.25626106074,2700.0,2701.59529457874,81.6872149088321,82.0535827919005,22.662817912203
B17,2720,2700.0,1500.0,1077.9479,304.39,852.04297,416.97437,229.01656,64.18364,66.51801,60.909172,44.31383,54.883423,89.80667,47.121414,108.3714,80.63722,63.50426,67.1596,74.66947,144.19824,215.32144,84.163956,1500.0,1177.961947,2018.92133894584,4295.44175076665,2700.0,2701.83009786568,81.7210124610711,82.0695845981322,22.5025252328417
B17,2721,2700.0,1500.0,940.9333,315.18726,991.0615,419.84433,202.15323,61.015667,61.896423,67.01583,39.866135,57.248634,89.93044,48.31494,95.76005,76.73398,62.843243,69.26605,74.95009,147.27258,242.19926,80.0435,1500.0,1227.72872675,2015.88754327151,4296.89538438031,2700.0,2700.8381971511,81.7295984997055,82.097061051751,22.4732285532758
B17,2722,2700.0,1500.0,1279.8972,349.22626,850.7694,389.72586,194.36801,61.573174,68.93342,60.086933,41.67932,56.41924,86.19178,44.050713,90.94188,76.37239,64.03567,62.15022,70.993744,149.26996,216.42282,75.69621,1500.0,1189.5431605,2085.76233547442,4294.66950790941,2700.0,2702.49327397854,81.7913405788956,82.120556722893,22.4792105813829
B17,2723,2700.0,1500.0,1682.319,340.8898,901.4264,387.7735,242.59888,62.270527,62.69507,60.28531,40.30517,56.091347,87.91246,46.878284,97.2424,84.21779,65.507835,60.93759,78.96855,150.7449,225.66568,78.264595,1500.0,1399.43823125,1973.89503827889,4294.2720299682,2700.0,2702.83001625347,81.8245927960955,82.1647384044682,22.5500753785656
B17,2724,2700.0,1500.0,1903.9238,367.23697,916.5187,392.12735,195.50343,64.14502,68.28466,62.548195,46.769966,53.289406,86.884766,42.964943,96.850655,72.76986,63.161476,59.399223,68.897896,144.6052,200.3435,78.28875,1500.0,1071.0423615,2005.27648914337,4295.80705192217,2700.0,2701.5895676693,81.9032754333695,82.2363982935367,22.5651074893421
B17,2725,2700.0,1500.0,2712.2065,384.81546,869.23486,536.15027,223.78708,68.477,70.03062,68.51738,42.41343,56.157215,86.63172,48.968517,99.75927,79.44738,59.48714,62.08396,73.036545,147.58368,194.58072,73.8457,1500.0,1097.8978015,2238.39691688443,4297.50295780475,2700.0,2700.8198710409,81.9623667022727,82.2899490716518,22.4700841597048
B17,2726,2700.0,1500.0,1890.0573,438.96274,914.30994,514.21405,210.9513,65.93224,65.96819,68.50035,42.841465,54.814068,84.90227,47.391125,95.5924,76.204056,58.827393,62.5664,72.95748,138.79689,202.51291,73.20964,1500.0,1086.316588,2301.01314181159,4297.23229425429,2700.0,2700.11660656197,82.0130283543496,82.3376459030422,22.476756412819
B17,2727,2700.0,1500.0,2137.4705,383.29404,899.05597,476.4566,209.86018,61.38849,64.62209,66.66408,41.171974,55.784027,92.17915,47.35193,91.92456,75.371605,60.605675,58.727154,75.46619,142.31271,210.91089,70.62009,1500.0,1193.2361735,2209.70536746346,4296.44490938024,2700.0,2701.22877237474,82.0686087508969,82.3783956233717,22.5371140599068
B17,2728,2700.0,1500.0,1624.1781,509.9433,1102.7865,477.13394,207.35896,72.43472,75.05319,70.419395,45.26722,53.29381,74.29811,38.162945,83.582565,55.349586,43.434193,39.20179,48.320747,100.04541,154.0843,51.131233,1500.0,1353.61555175,1580.25948283157,4294.16792860262,2700.0,2701.72357735014,82.3461344846393,82.6993368733457,22.3971503903083
B17,2729,2700.0,1500.0,1729.657,545.703,1104.0188,660.69745,265.29376,70.424355,80.052704,69.93626,41.7678,51.49749,74.37581,39.386646,81.51884,57.67396,45.417828,38.26176,49.36328,96.035866,148.65555,50.332466,1500.0,1220.0916135,1885.03767333894,4295.69348679611,2700.0,2700.23458089638,82.7903021240989,83.3176522017687,22.6132720821654
B17,2730,2700.0,1500.0,2003.4244,573.7377,1077.8092,700.7703,254.77983,67.18041,75.025215,71.85198,43.002502,48.271774,76.65625,38.524654,77.95252,56.45295,47.23832,41.663696,48.219105,95.924706,151.83426,52.397484,1500.0,1323.06709875,1528.80751034978,4295.23733353974,2700.0,2700.68586136006,83.1895496993828,83.7957372743627,22.5640337818622
B17,2731,2700.0,1500.0,2437.2673,620.5834,1242.0131,648.03766,298.79416,74.6079,68.54413,70.55649,43.196785,48.446545,71.89649,37.555977,72.95864,50.195793,37.982353,38.562714,46.52768,88.18339,133.83531,48.192238,1500.0,1174.268934,1656.30245748319,4294.31556326652,2700.0,2701.63652832669,83.569086598174,84.2441318610296,22.432351663584
B17,2732,2700.0,1500.0,2497.8396,663.63116,1368.3093,579.3167,269.12018,70.12953,76.42497,77.05181,43.266743,51.308125,76.25749,40.443523,79.712074,56.25347,41.40281,42.660435,50.03054,93.58472,142.00285,49.57725,1500.0,1269.607306,2117.69267741606,4292.66886893856,2700.0,2701.18295709924,83.9412469508946,84.6771197134408,22.4785970630291
